timestamp,price,open,lastClose,dayHigh,dayLow,yearLow,yearHigh,50avg,200avg,targetLow,targetMean,targetHigh,forecastNowAvg,forecastNowGrowth,forecastFutureAvg,forecastFutureGrowth,forecastFutureYrAvg,forecastFutureYrGrowth,positiveScore,negativeScore,neutralScore
2023-02-03 10:43:22,115.03500366210938,115.1500015258789,115.98999786376952,115.4499969482422,113.94000244140624,109.23999786376952,142.7899932861328,125.28940002441406,126.49334976196288,118.0,136.15,157.0,1.48,0.0139999995,0.89,0.89,6.28,6.28,0.36065173116089555,0.1174446028513241,0.5219012219959261
2023-02-03 11:01:04,114.875,115.1500015258789,115.98999786376952,115.4499969482422,113.94000244140624,109.23999786376952,142.7899932861328,125.28940002441406,126.49334976196288,118.0,136.15,157.0,1.48,0.0139999995,0.89,0.89,6.28,6.28,0.35978156182212556,0.11815943600867702,0.5220572668112795
2023-02-03 12:00:02,114.61000061035156,115.1500015258789,115.98999786376952,115.4499969482422,113.94000244140624,109.23999786376952,142.7899932861328,125.28940002441406,126.49334976196288,118.0,136.15,157.0,1.48,0.0139999995,0.89,0.89,6.28,6.28,0.35978156182212556,0.11815943600867702,0.5220572668112795
2023-02-03 12:30:02,115.24500274658205,115.1500015258789,115.98999786376952,115.4499969482422,113.94000244140624,109.23999786376952,142.7899932861328,125.28940002441406,126.49334976196288,118.0,136.15,157.0,1.48,0.0139999995,0.89,0.89,6.28,6.28,0.35978156182212556,0.11815943600867702,0.5220572668112795
2023-02-03 13:00:02,115.05500030517578,115.1500015258789,115.98999786376952,115.54000091552734,113.94000244140624,109.23999786376952,142.7899932861328,125.28940002441406,126.49334976196288,118.0,136.15,157.0,1.48,0.0139999995,0.89,0.89,6.28,6.28,0.35978156182212556,0.11815943600867702,0.5220572668112795
2023-02-03 13:30:01,114.93499755859376,115.1500015258789,115.98999786376952,115.54000091552734,113.94000244140624,109.23999786376952,142.7899932861328,125.28940002441406,126.49334976196288,118.0,136.15,157.0,1.48,0.0139999995,0.89,0.89,6.28,6.28,0.35978156182212556,0.11815943600867702,0.5220572668112795
2023-02-03 14:00:02,114.875,115.1500015258789,115.98999786376952,115.54000091552734,113.94000244140624,109.23999786376952,142.7899932861328,125.28940002441406,126.49334976196288,118.0,136.15,157.0,1.48,0.0139999995,0.89,0.89,6.28,6.28,0.35978156182212556,0.11815943600867702,0.5220572668112795
2023-02-03 14:30:01,114.66500091552734,115.1500015258789,115.98999786376952,115.54000091552734,113.94000244140624,109.23999786376952,142.7899932861328,125.28940002441406,126.49334976196288,118.0,136.15,157.0,1.48,0.0139999995,0.89,0.89,6.28,6.28,0.35978156182212556,0.11815943600867702,0.5220572668112795
2023-02-03 15:00:02,114.48999786376952,115.1500015258789,115.98999786376952,115.54000091552734,113.94000244140624,109.23999786376952,142.7899932861328,125.28940002441406,126.49334976196288,118.0,136.15,157.0,1.48,0.0139999995,0.89,0.89,6.28,6.28,0.35978156182212556,0.11815943600867702,0.5220572668112795
2023-02-03 15:30:01,114.76000213623048,115.1500015258789,115.98999786376952,115.54000091552734,113.94000244140624,109.23999786376952,142.7899932861328,125.28940002441406,126.49334976196288,118.0,136.15,157.0,1.48,0.0139999995,0.89,0.89,6.28,6.28,0.35978156182212556,0.11815943600867702,0.5220572668112795
2023-02-03 16:00:02,113.91999816894533,115.1500015258789,115.98999786376952,115.54000091552734,113.77999877929688,109.23999786376952,142.7899932861328,125.28940002441406,126.49334976196288,118.0,136.15,157.0,1.48,0.0139999995,0.89,0.89,6.28,6.28,0.35978156182212556,0.11815943600867702,0.5220572668112795
2023-02-03 16:30:02,113.91999816894533,115.1500015258789,115.98999786376952,115.54000091552734,113.77999877929688,109.23999786376952,142.7899932861328,125.28940002441406,126.49334976196288,118.0,136.15,157.0,1.48,0.0139999995,0.89,0.89,6.28,6.28,0.35978156182212556,0.11815943600867702,0.5220572668112795
2023-02-03 17:00:02,113.91999816894533,115.1500015258789,115.98999786376952,115.54000091552734,113.77999877929688,109.23999786376952,142.7899932861328,125.28940002441406,126.49334976196288,118.0,136.15,157.0,1.48,0.0139999995,0.89,0.89,6.28,6.28,0.35978156182212556,0.11815943600867702,0.5220572668112795
2023-02-03 17:30:01,113.91999816894533,115.1500015258789,115.98999786376952,115.54000091552734,113.77999877929688,109.23999786376952,142.7899932861328,125.28940002441406,126.49334976196288,118.0,136.15,157.0,1.48,0.0139999995,0.89,0.89,6.28,6.28,0.35978156182212556,0.11815943600867702,0.5220572668112795
2023-02-06 09:00:01,113.91999816894533,115.1500015258789,115.98999786376952,115.54000091552734,113.77999877929688,109.23999786376952,142.7899932861328,125.01059997558592,126.44274974823,112.0,135.01,157.0,1.48,0.0139999995,0.89,0.89,6.28,6.28,0.36053212121212075,0.11724868686868715,0.5222167676767673
2023-02-06 09:30:01,113.1999969482422,115.1500015258789,113.91999816894533,113.61000061035156,113.1999969482422,109.23999786376952,142.7899932861328,125.01059997558592,126.44274974823,112.0,135.01,157.0,1.48,0.0139999995,0.89,0.89,6.28,6.28,0.36053212121212075,0.11724868686868715,0.5222167676767673
2023-02-06 10:00:02,112.12000274658205,113.61000061035156,113.91999816894533,113.61000061035156,112.01270294189452,109.23999786376952,142.7899932861328,125.01059997558592,126.44274974823,112.0,135.01,157.0,1.48,0.0139999995,0.89,0.89,6.28,6.28,0.36053212121212075,0.11724868686868715,0.5222167676767673
2023-02-06 10:30:02,112.05500030517578,113.61000061035156,113.91999816894533,113.61000061035156,112.0,109.23999786376952,142.7899932861328,125.01059997558592,126.44274974823,112.0,135.01,157.0,1.48,0.0139999995,0.89,0.89,6.28,6.28,0.36062687747035566,0.11685355731225325,0.5225179841897232
2023-02-06 11:30:02,112.98999786376952,113.61000061035156,113.91999816894533,113.61000061035156,111.97000122070312,109.23999786376952,142.7899932861328,125.01059997558592,126.44274974823,112.0,135.01,157.0,1.48,0.0139999995,0.89,0.89,6.28,6.28,0.36062687747035566,0.11685355731225325,0.5225179841897232
2023-02-06 12:00:02,112.2699966430664,113.61000061035156,113.91999816894533,113.61000061035156,111.97000122070312,109.23999786376952,142.7899932861328,125.01059997558592,126.44274974823,112.0,135.01,157.0,1.48,0.0139999995,0.89,0.89,6.28,6.28,0.36062687747035566,0.11685355731225325,0.5225179841897232
2023-02-06 12:30:02,112.18000030517578,113.61000061035156,113.91999816894533,113.61000061035156,111.97000122070312,109.23999786376952,142.7899932861328,125.01059997558592,126.44274974823,112.0,135.01,157.0,1.48,0.0139999995,0.89,0.89,6.28,6.28,0.36062687747035566,0.11685355731225325,0.5225179841897232
2023-02-06 13:00:02,112.11499786376952,113.61000061035156,113.91999816894533,113.61000061035156,111.97000122070312,109.23999786376952,142.7899932861328,125.01059997558592,126.44274974823,112.0,135.01,157.0,1.48,0.0139999995,0.89,0.89,6.28,6.28,0.36062687747035566,0.11685355731225325,0.5225179841897232
2023-02-06 13:30:01,112.11000061035156,113.61000061035156,113.91999816894533,113.61000061035156,111.97000122070312,109.23999786376952,142.7899932861328,125.01059997558592,126.44274974823,112.0,135.01,157.0,1.48,0.0139999995,0.89,0.89,6.28,6.28,0.36062687747035566,0.11685355731225325,0.5225179841897232
2023-02-06 14:00:02,112.0999984741211,115.1500015258789,113.91999816894533,113.61000061035156,111.97000122070312,109.23999786376952,142.7899932861328,125.01059997558592,126.44274974823,112.0,135.01,157.0,1.48,0.0139999995,0.89,0.89,6.28,6.28,0.36062687747035566,0.11685355731225325,0.5225179841897232
2023-02-06 14:30:02,112.18499755859376,113.61000061035156,113.91999816894533,113.61000061035156,111.97000122070312,109.23999786376952,142.7899932861328,125.01059997558592,126.44274974823,112.0,135.01,157.0,1.48,0.0139999995,0.89,0.89,6.28,6.28,0.36062687747035566,0.11685355731225325,0.5225179841897232
2023-02-06 15:00:02,112.05999755859376,113.61000061035156,113.91999816894533,113.61000061035156,111.97000122070312,109.23999786376952,142.7899932861328,125.01059997558592,126.44274974823,112.0,135.01,157.0,1.48,0.0139999995,0.89,0.89,6.28,6.28,0.36062687747035566,0.11685355731225325,0.5225179841897232
2023-02-06 15:30:02,112.06500244140624,113.61000061035156,113.91999816894533,113.61000061035156,111.72000122070312,109.23999786376952,142.7899932861328,125.01059997558592,126.44274974823,112.0,135.01,157.0,1.41,-0.034,0.92,0.92,6.24,6.24,0.36062687747035566,0.11685355731225325,0.5225179841897232
2023-02-06 16:00:02,112.19000244140624,115.1500015258789,113.91999816894533,113.61000061035156,111.72000122070312,109.23999786376952,142.7899932861328,125.01059997558592,126.44274974823,112.0,135.01,157.0,1.41,-0.034,0.92,0.92,6.24,6.24,0.36062687747035566,0.11685355731225325,0.5225179841897232
2023-02-06 16:30:02,112.19000244140624,113.61000061035156,113.91999816894533,113.61000061035156,111.72000122070312,109.23999786376952,142.7899932861328,125.01059997558592,126.44274974823,112.0,135.01,157.0,1.41,-0.034,0.92,0.92,6.24,6.24,0.36062687747035566,0.11685355731225325,0.5225179841897232
2023-02-06 17:00:02,112.19000244140624,113.61000061035156,113.91999816894533,113.61000061035156,111.72000122070312,109.23999786376952,142.7899932861328,125.01059997558592,126.44274974823,112.0,135.01,157.0,1.41,-0.034,0.92,0.92,6.24,6.24,0.36062687747035566,0.11685355731225325,0.5225179841897232
2023-02-06 17:30:02,112.19000244140624,113.61000061035156,113.91999816894533,113.61000061035156,111.72000122070312,109.23999786376952,142.7899932861328,125.01059997558592,126.44274974823,112.0,135.01,157.0,1.41,-0.034,0.92,0.92,6.24,6.24,0.36062687747035566,0.11685355731225325,0.5225179841897232
2023-02-07 09:30:02,111.87000274658205,113.61000061035156,112.19000244140624,112.43000030517578,111.81999969482422,109.23999786376952,142.7899932861328,124.66399993896484,126.38714977264404,112.0,135.01,157.0,1.41,-0.034,0.92,0.92,6.24,6.24,0.3610778741865511,0.11623600867678992,0.5226861171366595
2023-02-07 10:00:02,112.0199966430664,112.12999725341795,112.19000244140624,112.75,111.8000030517578,109.23999786376952,142.7899932861328,124.66399993896484,126.38714977264404,112.0,135.01,157.0,1.41,-0.034,0.92,0.92,6.24,6.24,0.3610778741865511,0.11623600867678992,0.5226861171366595
2023-02-07 10:30:02,112.41000366210938,112.12999725341795,112.19000244140624,112.95999908447266,111.8000030517578,109.23999786376952,142.7899932861328,124.66399993896484,126.38714977264404,112.0,135.01,157.0,1.41,-0.034,0.92,0.92,6.24,6.24,0.3610778741865511,0.11623600867678992,0.5226861171366595
2023-02-07 11:00:02,112.08999633789062,112.12999725341795,112.19000244140624,112.95999908447266,111.8000030517578,109.23999786376952,142.7899932861328,124.66399993896484,126.38714977264404,112.0,135.01,157.0,1.41,-0.034,0.92,0.92,6.24,6.24,0.26495,0.1372,0.59785
2023-02-07 11:30:02,112.43000030517578,112.12999725341795,112.19000244140624,112.95999908447266,111.8000030517578,109.23999786376952,142.7899932861328,124.66399993896484,126.38714977264404,112.0,135.01,157.0,1.41,-0.034,0.92,0.92,6.24,6.24,0.3610778741865511,0.11623600867678992,0.5226861171366595
2023-02-07 12:30:01,112.70999908447266,112.12999725341795,112.19000244140624,113.38999938964844,111.8000030517578,109.23999786376952,142.7899932861328,124.66399993896484,126.38714977264404,112.0,135.01,157.0,1.41,-0.034,0.92,0.92,6.24,6.24,0.3610778741865511,0.11623600867678992,0.5226861171366595
2023-02-07 13:00:01,113.13500213623048,112.12999725341795,112.19000244140624,113.41000366210938,111.8000030517578,109.23999786376952,142.7899932861328,124.66399993896484,126.38714977264404,112.0,135.01,157.0,1.41,-0.034,0.92,0.92,6.24,6.24,0.3610778741865511,0.11623600867678992,0.5226861171366595
2023-02-07 13:30:02,112.02999877929688,112.12999725341795,112.19000244140624,113.41000366210938,111.8000030517578,109.23999786376952,142.7899932861328,124.66399993896484,126.38714977264404,112.0,135.01,157.0,1.41,-0.034,0.92,0.92,6.24,6.24,0.3610778741865511,0.11623600867678992,0.5226861171366595
2023-02-07 15:00:02,113.0500030517578,112.12999725341795,112.19000244140624,113.41000366210938,111.8000030517578,109.23999786376952,142.7899932861328,124.66399993896484,126.38714977264404,112.0,135.01,157.0,1.41,-0.034,0.92,0.92,6.24,6.24,0.3610778741865511,0.11623600867678992,0.5226861171366595
2023-02-07 15:30:02,113.61000061035156,112.12999725341795,112.19000244140624,113.62999725341795,111.8000030517578,109.23999786376952,142.7899932861328,124.66399993896484,126.38714977264404,112.0,135.01,157.0,1.41,-0.034,0.92,0.92,6.24,6.24,0.3610778741865511,0.11623600867678992,0.5226861171366595
2023-02-07 16:00:01,114.18000030517578,112.12999725341795,112.19000244140624,114.36000061035156,111.8000030517578,109.23999786376952,142.7899932861328,124.66399993896484,126.38714977264404,112.0,135.01,157.0,1.41,-0.034,0.92,0.92,6.24,6.24,0.3610778741865511,0.11623600867678992,0.5226861171366595
2023-02-13 09:00:02,111.8000030517578,111.86000061035156,112.2,112.9000015258789,111.41000366210938,109.23999786376952,142.7899932861328,123.34539978027344,126.11644985198974,107.0,133.5,157.0,1.32,-0.096,0.92,0.92,6.03,6.03,0.35921897654584195,0.11592729211087446,0.5248541577825154
2023-02-13 09:30:02,111.97000122070312,111.86000061035156,111.82,111.97000122070312,111.47000122070312,109.23999786376952,142.7899932861328,123.34539978027344,126.11644985198974,107.0,133.5,157.0,1.32,-0.096,0.92,0.92,6.03,6.03,0.35921897654584195,0.11592729211087446,0.5248541577825154
2023-02-13 10:00:01,112.08499908447266,111.47000122070312,111.82,112.47000122070312,111.47000122070312,109.23999786376952,142.7899932861328,123.34539978027344,126.11644985198974,107.0,133.5,157.0,1.32,-0.096,0.92,0.92,6.03,6.03,0.35921897654584195,0.11592729211087446,0.5248541577825154
2023-02-13 10:30:02,112.18000030517578,111.47000122070312,111.82,112.47000122070312,111.47000122070312,109.23999786376952,142.7899932861328,123.34539978027344,126.11644985198974,107.0,133.5,157.0,1.32,-0.096,0.92,0.92,6.03,6.03,0.35921897654584195,0.11592729211087446,0.5248541577825154
2023-02-13 11:00:02,112.08999633789062,111.47000122070312,111.82,112.47000122070312,111.47000122070312,109.23999786376952,142.7899932861328,123.34539978027344,126.11644985198974,107.0,133.5,157.0,1.32,-0.096,0.92,0.92,6.03,6.03,0.35921897654584195,0.11592729211087446,0.5248541577825154
2023-02-13 11:30:02,112.04000091552734,111.47000122070312,111.82,112.47000122070312,111.47000122070312,109.23999786376952,142.7899932861328,123.34539978027344,126.11644985198974,107.0,133.5,157.0,1.32,-0.096,0.92,0.92,6.03,6.03,0.35921897654584195,0.11592729211087446,0.5248541577825154
2023-02-13 11:50:37,111.81999969482422,111.47000122070312,111.82,112.47000122070312,111.47000122070312,109.23999786376952,142.7899932861328,123.34539978027344,126.11644985198974,107.0,133.5,157.0,1.32,-0.096,0.92,0.92,6.03,6.03,0.35921897654584195,0.11592729211087446,0.5248541577825154
2023-02-13 12:00:02,111.9000015258789,111.47000122070312,111.82,112.47000122070312,111.47000122070312,109.23999786376952,142.7899932861328,123.34539978027344,126.11644985198974,107.0,133.5,157.0,1.32,-0.096,0.92,0.92,6.03,6.03,0.35921897654584195,0.11592729211087446,0.5248541577825154
2023-02-13 12:30:02,112.91000366210938,111.47000122070312,111.82,112.9800033569336,111.47000122070312,109.23999786376952,142.7899932861328,123.34539978027344,126.11644985198974,107.0,133.5,157.0,1.32,-0.096,0.92,0.92,6.03,6.03,0.35921897654584195,0.11592729211087446,0.5248541577825154
2023-02-13 13:00:02,112.7699966430664,111.47000122070312,111.82,112.9800033569336,111.47000122070312,109.23999786376952,142.7899932861328,123.34539978027344,126.11644985198974,107.0,133.5,157.0,1.32,-0.096,0.92,0.92,6.03,6.03,0.35921897654584195,0.11592729211087446,0.5248541577825154
2023-02-13 13:30:02,112.92970275878906,111.47000122070312,111.82,112.9800033569336,111.47000122070312,109.23999786376952,142.7899932861328,123.34539978027344,126.11644985198974,107.0,133.5,157.0,1.32,-0.096,0.92,0.92,6.03,6.03,0.35921897654584195,0.11592729211087446,0.5248541577825154
2023-02-13 14:00:02,113.24500274658205,111.47000122070312,111.82,113.29000091552734,111.47000122070312,109.23999786376952,142.7899932861328,123.34539978027344,126.11644985198974,107.0,133.5,157.0,1.32,-0.096,0.92,0.92,6.03,6.03,0.35921897654584195,0.11592729211087446,0.5248541577825154
2023-02-13 14:30:02,112.98999786376952,111.47000122070312,111.82,113.29000091552734,111.47000122070312,109.23999786376952,142.7899932861328,123.34539978027344,126.11644985198974,107.0,133.5,157.0,1.32,-0.096,0.92,0.92,6.03,6.03,0.35921897654584195,0.11592729211087446,0.5248541577825154
2023-02-13 15:00:02,113.04000091552734,111.47000122070312,111.82,113.29000091552734,111.47000122070312,109.23999786376952,142.7899932861328,123.34539978027344,126.11644985198974,107.0,133.5,157.0,1.32,-0.096,0.92,0.92,6.03,6.03,0.35921897654584195,0.11592729211087446,0.5248541577825154
2023-02-13 15:30:01,113.29499816894533,111.47000122070312,111.82,113.31999969482422,111.47000122070312,109.23999786376952,142.7899932861328,123.34539978027344,126.11644985198974,107.0,133.5,157.0,1.32,-0.096,0.92,0.92,6.03,6.03,0.35921897654584195,0.11592729211087446,0.5248541577825154
2023-02-14 09:00:02,113.1999969482422,111.47000122070312,111.82,113.41000366210938,111.47000122070312,109.23999786376952,142.7899932861328,122.99379974365236,126.07634983062744,107.0,133.16,157.0,1.32,-0.096,0.92,0.92,6.03,6.03,0.35921897654584195,0.11592729211087446,0.5248541577825154
2023-02-14 09:30:01,112.18000030517578,111.47000122070312,113.2,112.87000274658205,112.11000061035156,109.23999786376952,142.7899932861328,122.99379974365236,126.07634983062744,107.0,133.16,157.0,1.32,-0.096,0.92,0.92,6.03,6.03,0.35921897654584195,0.11592729211087446,0.5248541577825154
2023-02-14 10:00:01,112.35749816894533,112.80999755859376,113.2,112.87000274658205,111.93000030517578,109.23999786376952,142.7899932861328,122.99379974365236,126.07634983062744,107.0,133.16,157.0,1.32,-0.096,0.92,0.92,6.03,6.03,0.35921897654584195,0.11592729211087446,0.5248541577825154
2023-02-14 10:30:01,112.47000122070312,112.80999755859376,113.2,112.9000015258789,111.93000030517578,109.23999786376952,142.7899932861328,122.99379974365236,126.07634983062744,107.0,133.16,157.0,1.32,-0.096,0.92,0.92,6.03,6.03,0.35921897654584195,0.11592729211087446,0.5248541577825154
2023-02-14 11:00:02,112.125,112.80999755859376,113.2,112.9000015258789,111.83000183105467,109.23999786376952,142.7899932861328,122.99379974365236,126.07634983062744,107.0,133.16,157.0,1.32,-0.096,0.92,0.92,6.03,6.03,0.35921897654584195,0.11592729211087446,0.5248541577825154
2023-02-14 11:30:01,111.9749984741211,112.80999755859376,113.2,112.9000015258789,111.83000183105467,109.23999786376952,142.7899932861328,122.99379974365236,126.07634983062744,107.0,133.16,157.0,1.32,-0.096,0.92,0.92,6.03,6.03,0.35926530249110344,0.11575925266903946,0.52497508896797
2023-02-14 12:00:02,111.94000244140624,112.80999755859376,113.2,112.9000015258789,111.63999938964844,109.23999786376952,142.7899932861328,122.99379974365236,126.07634983062744,107.0,133.16,157.0,1.32,-0.096,0.92,0.92,6.03,6.03,0.35926530249110344,0.11575925266903946,0.52497508896797
2023-02-14 12:30:01,112.01000213623048,112.80999755859376,113.2,112.9000015258789,111.63999938964844,109.23999786376952,142.7899932861328,122.99379974365236,126.07634983062744,107.0,133.16,157.0,1.32,-0.096,0.92,0.92,6.03,6.03,0.35926530249110344,0.11575925266903946,0.52497508896797
2023-02-14 13:00:02,112.19000244140624,112.80999755859376,113.2,112.9000015258789,111.63999938964844,109.23999786376952,142.7899932861328,122.99379974365236,126.07634983062744,107.0,133.16,157.0,1.32,-0.096,0.92,0.92,6.03,6.03,0.35926530249110344,0.11575925266903946,0.52497508896797
2023-02-14 13:30:02,112.03500366210938,112.80999755859376,113.2,112.9000015258789,111.63999938964844,109.23999786376952,142.7899932861328,122.99379974365236,126.07634983062744,107.0,133.16,157.0,1.32,-0.096,0.92,0.92,6.03,6.03,0.35926530249110344,0.11575925266903946,0.52497508896797
2023-02-14 14:00:02,111.91999816894533,112.80999755859376,113.2,112.9000015258789,111.63999938964844,109.23999786376952,142.7899932861328,122.99379974365236,126.07634983062744,107.0,133.16,157.0,1.32,-0.096,0.92,0.92,6.03,6.03,0.35926530249110344,0.11575925266903946,0.52497508896797
2023-02-14 14:30:01,111.81999969482422,112.80999755859376,113.2,112.9000015258789,111.63999938964844,109.23999786376952,142.7899932861328,122.99379974365236,126.07634983062744,107.0,133.16,157.0,1.32,-0.096,0.92,0.92,6.03,6.03,0.35926530249110344,0.11575925266903946,0.52497508896797
2023-02-14 15:00:02,111.91000366210938,112.80999755859376,113.2,112.9000015258789,111.63999938964844,109.23999786376952,142.7899932861328,122.99379974365236,126.07634983062744,107.0,133.16,157.0,1.32,-0.096,0.92,0.92,6.03,6.03,0.35926530249110344,0.11575925266903946,0.52497508896797
2023-02-14 15:30:01,111.97000122070312,112.80999755859376,113.2,112.9000015258789,111.56999969482422,109.23999786376952,142.7899932861328,122.99379974365236,126.07634983062744,107.0,133.16,157.0,1.32,-0.096,0.92,0.92,6.03,6.03,0.3626393939393945,0.1145990530303034,0.5227613636363627
2023-02-14 16:00:02,112.25,112.80999755859376,113.2,112.9000015258789,111.56999969482422,109.23999786376952,142.7899932861328,122.99379974365236,126.07634983062744,107.0,133.16,157.0,1.32,-0.096,0.92,0.92,6.03,6.03,0.3626393939393945,0.1145990530303034,0.5227613636363627
2023-02-14 16:30:02,112.25,112.80999755859376,113.2,112.9000015258789,111.56999969482422,109.23999786376952,142.7899932861328,122.99379974365236,126.07634983062744,107.0,133.16,157.0,1.32,-0.096,0.92,0.92,6.03,6.03,0.3626393939393945,0.1145990530303034,0.5227613636363627
2023-02-14 17:00:02,112.25,112.80999755859376,113.2,112.9000015258789,111.56999969482422,109.23999786376952,142.7899932861328,122.99379974365236,126.07634983062744,107.0,133.16,157.0,1.32,-0.096,0.92,0.92,6.03,6.03,0.3626393939393945,0.1145990530303034,0.5227613636363627
2023-02-14 17:30:01,112.25,112.80999755859376,113.2,112.9000015258789,111.56999969482422,109.23999786376952,142.7899932861328,122.99379974365236,126.07634983062744,107.0,133.16,157.0,1.32,-0.096,0.92,0.92,6.03,6.03,0.3626393939393945,0.1145990530303034,0.5227613636363627
2023-02-15 09:30:02,111.63500213623048,112.80999755859376,112.29,111.73999786376952,111.27999877929688,109.23999786376952,142.7899932861328,122.6063998413086,126.0205498123169,107.0,133.16,157.0,1.32,-0.096,0.92,0.92,6.03,6.03,0.3626393939393945,0.1145990530303034,0.5227613636363627
2023-02-15 10:00:02,112.19000244140624,111.27999877929688,112.29,112.5199966430664,111.27999877929688,109.23999786376952,142.7899932861328,122.6063998413086,126.0205498123169,107.0,133.16,157.0,1.32,-0.096,0.92,0.92,6.03,6.03,0.3626761718750003,0.11517988281250037,0.5221429687499989
2023-02-15 10:30:02,112.3499984741211,111.27999877929688,112.29,112.55999755859376,111.27999877929688,109.23999786376952,142.7899932861328,122.6063998413086,126.0205498123169,107.0,133.16,157.0,1.32,-0.096,0.92,0.92,6.03,6.03,0.3626761718750003,0.11517988281250037,0.5221429687499989
2023-02-15 11:00:02,112.21499633789062,111.27999877929688,112.29,112.55999755859376,111.27999877929688,109.23999786376952,142.7899932861328,122.6063998413086,126.0205498123169,107.0,133.16,157.0,1.32,-0.096,0.92,0.92,6.03,6.03,0.3626761718750003,0.11517988281250037,0.5221429687499989
2023-02-15 11:30:02,112.48999786376952,111.27999877929688,112.29,112.56999969482422,111.27999877929688,109.23999786376952,142.7899932861328,122.6063998413086,126.0205498123169,107.0,133.16,157.0,1.32,-0.096,0.92,0.92,6.03,6.03,0.3626761718750003,0.11517988281250037,0.5221429687499989
2023-02-15 12:00:01,112.5199966430664,111.27999877929688,112.29,112.75,111.27999877929688,109.23999786376952,142.7899932861328,122.6063998413086,126.0205498123169,107.0,133.16,157.0,1.32,-0.096,0.92,0.92,6.03,6.03,0.3626761718750003,0.11517988281250037,0.5221429687499989
2023-02-15 12:30:02,112.20999908447266,111.27999877929688,112.29,112.75,111.27999877929688,109.23999786376952,142.7899932861328,122.6063998413086,126.0205498123169,107.0,133.16,157.0,1.32,-0.096,0.92,0.92,6.03,6.03,0.3626761718750003,0.11517988281250037,0.5221429687499989
2023-02-15 13:00:01,112.20999908447266,111.27999877929688,112.29,112.75,111.27999877929688,109.23999786376952,142.7899932861328,122.6063998413086,126.0205498123169,107.0,133.16,157.0,1.32,-0.096,0.92,0.92,6.03,6.03,0.3626761718750003,0.11517988281250037,0.5221429687499989
2023-02-15 13:30:01,112.38999938964844,111.27999877929688,112.29,112.75,111.27999877929688,109.23999786376952,142.7899932861328,122.6063998413086,126.0205498123169,107.0,133.16,157.0,1.32,-0.096,0.92,0.92,6.03,6.03,0.3626761718750003,0.11517988281250037,0.5221429687499989
2023-02-15 14:00:02,112.58000183105467,111.27999877929688,112.29,112.75,111.27999877929688,109.23999786376952,142.7899932861328,122.6063998413086,126.0205498123169,107.0,133.16,157.0,1.32,-0.096,0.92,0.92,6.03,6.03,0.3626761718750003,0.11517988281250037,0.5221429687499989
2023-02-15 14:30:01,112.86000061035156,111.27999877929688,112.29,112.87999725341795,111.27999877929688,109.23999786376952,142.7899932861328,122.6063998413086,126.0205498123169,107.0,133.16,157.0,1.32,-0.096,0.92,0.92,6.03,6.03,0.3626761718750003,0.11517988281250037,0.5221429687499989
2023-02-15 15:00:01,112.86000061035156,111.27999877929688,112.29,112.9250030517578,111.27999877929688,109.23999786376952,142.7899932861328,122.6063998413086,126.0205498123169,107.0,133.16,157.0,1.32,-0.096,0.92,0.92,6.03,6.03,0.3626761718750003,0.11517988281250037,0.5221429687499989
2023-02-15 15:30:01,112.90460205078124,111.27999877929688,112.29,112.9800033569336,111.27999877929688,109.23999786376952,142.7899932861328,122.6063998413086,126.0205498123169,107.0,133.16,157.0,1.32,-0.096,0.92,0.92,6.03,6.03,0.3626761718750003,0.11517988281250037,0.5221429687499989
2023-02-15 16:00:02,113.33999633789062,111.27999877929688,112.29,113.36000061035156,111.27999877929688,109.23999786376952,142.7899932861328,122.6063998413086,126.0205498123169,107.0,133.16,157.0,1.32,-0.096,0.92,0.92,6.03,6.03,0.3626761718750003,0.11517988281250037,0.5221429687499989
2023-02-15 16:30:02,113.33999633789062,111.27999877929688,112.29,113.36000061035156,111.27999877929688,109.23999786376952,142.7899932861328,122.6063998413086,126.0205498123169,107.0,133.16,157.0,1.32,-0.096,0.92,0.92,6.03,6.03,0.3626761718750003,0.11517988281250037,0.5221429687499989
2023-02-15 17:00:02,113.33999633789062,111.27999877929688,112.29,113.36000061035156,111.27999877929688,109.23999786376952,142.7899932861328,122.6063998413086,126.0205498123169,107.0,133.16,157.0,1.32,-0.096,0.92,0.92,6.03,6.03,0.3626761718750003,0.11517988281250037,0.5221429687499989
2023-02-15 17:30:01,113.33999633789062,111.27999877929688,112.29,113.36000061035156,111.27999877929688,109.23999786376952,142.7899932861328,122.6063998413086,126.0205498123169,107.0,133.16,157.0,1.32,-0.096,0.92,0.92,6.03,6.03,0.3626761718750003,0.11517988281250037,0.5221429687499989
2023-02-16 09:30:02,112.63999938964844,111.27999877929688,112.85,112.63999938964844,112.0,109.23999786376952,142.7899932861328,122.22759979248048,125.99699977874756,107.0,133.16,157.0,1.32,-0.096,0.92,0.92,6.03,6.03,0.3626761718750003,0.11517988281250037,0.5221429687499989
2023-02-16 10:00:02,111.87999725341795,111.9000015258789,112.85,113.23999786376952,111.87999725341795,109.23999786376952,142.7899932861328,122.22759979248048,125.99699977874756,107.0,133.16,157.0,1.32,-0.096,0.92,0.92,6.03,6.03,0.3626761718750003,0.11517988281250037,0.5221429687499989
2023-02-16 10:30:02,112.5,111.9000015258789,112.85,113.23999786376952,111.7699966430664,109.23999786376952,142.7899932861328,122.22759979248048,125.99699977874756,107.0,133.16,157.0,1.32,-0.096,0.92,0.92,6.03,6.03,0.3626761718750003,0.11517988281250037,0.5221429687499989
2023-02-16 11:00:02,112.16999816894533,111.9000015258789,112.85,113.23999786376952,111.7699966430664,109.23999786376952,142.7899932861328,122.22759979248048,125.99699977874756,107.0,133.16,157.0,1.32,-0.096,0.92,0.92,6.03,6.03,0.3626761718750003,0.11517988281250037,0.5221429687499989
2023-02-16 11:30:02,112.05999755859376,111.9000015258789,112.85,113.23999786376952,111.7699966430664,109.23999786376952,142.7899932861328,122.22759979248048,125.99699977874756,107.0,133.16,157.0,1.32,-0.096,0.92,0.92,6.03,6.03,0.3622732558139538,0.11501212624584749,0.5227127906976734
2023-02-16 12:00:02,112.0199966430664,111.9000015258789,112.85,113.23999786376952,111.7699966430664,109.23999786376952,142.7899932861328,122.22759979248048,125.99699977874756,107.0,133.16,157.0,1.32,-0.096,0.92,0.92,6.03,6.03,0.3622732558139538,0.11501212624584749,0.5227127906976734
2023-02-16 12:30:01,112.08000183105467,111.9000015258789,112.85,113.23999786376952,111.7699966430664,109.23999786376952,142.7899932861328,122.22759979248048,125.99699977874756,107.0,133.16,157.0,1.32,-0.096,0.92,0.92,6.03,6.03,0.3622732558139538,0.11501212624584749,0.5227127906976734
2023-02-16 13:00:01,112.02999877929688,111.9000015258789,112.85,113.23999786376952,111.7699966430664,109.23999786376952,142.7899932861328,122.22759979248048,125.99699977874756,107.0,133.16,157.0,1.32,-0.096,0.92,0.92,6.03,6.03,0.3622732558139538,0.11501212624584749,0.5227127906976734
2023-02-16 13:30:02,112.04499816894533,111.9000015258789,112.85,113.23999786376952,111.7699966430664,109.23999786376952,142.7899932861328,122.22759979248048,125.99699977874756,107.0,133.16,157.0,1.32,-0.096,0.92,0.92,6.03,6.03,0.36104640000000066,0.11470976000000026,0.5242431999999981
2023-02-16 14:00:01,112.06999969482422,111.9000015258789,112.85,113.23999786376952,111.7699966430664,109.23999786376952,142.7899932861328,122.22759979248048,125.99699977874756,107.0,133.16,157.0,1.32,-0.096,0.92,0.92,6.03,6.03,0.36104640000000066,0.11470976000000026,0.5242431999999981
2023-02-16 14:30:02,112.04000091552734,111.9000015258789,112.85,113.23999786376952,111.7699966430664,109.23999786376952,142.7899932861328,122.22759979248048,125.99699977874756,107.0,133.16,157.0,1.32,-0.096,0.92,0.92,6.03,6.03,0.36104640000000066,0.11470976000000026,0.5242431999999981
2023-02-16 15:00:02,112.0500030517578,111.9000015258789,112.85,113.23999786376952,111.7699966430664,109.23999786376952,142.7899932861328,122.22759979248048,125.99699977874756,107.0,133.16,157.0,1.32,-0.096,0.92,0.92,6.03,6.03,0.36104640000000066,0.11470976000000026,0.5242431999999981
2023-02-16 15:30:02,111.95999908447266,111.9000015258789,112.85,113.23999786376952,111.7699966430664,109.23999786376952,142.7899932861328,122.22759979248048,125.99699977874756,107.0,133.16,157.0,1.32,-0.096,0.92,0.92,6.03,6.03,0.36104640000000066,0.11470976000000026,0.5242431999999981
2023-02-16 16:00:02,111.72000122070312,111.9000015258789,112.85,113.23999786376952,111.62999725341795,109.23999786376952,142.7899932861328,122.22759979248048,125.99699977874756,107.0,133.16,157.0,1.32,-0.096,0.92,0.92,6.03,6.03,0.36104640000000066,0.11470976000000026,0.5242431999999981
2023-02-16 16:30:02,111.72000122070312,111.9000015258789,112.85,113.23999786376952,111.62999725341795,109.23999786376952,142.7899932861328,122.22759979248048,125.99699977874756,107.0,133.16,157.0,1.32,-0.096,0.92,0.92,6.03,6.03,0.36104640000000066,0.11470976000000026,0.5242431999999981
2023-02-16 17:00:02,111.72000122070312,111.9000015258789,112.85,113.23999786376952,111.62999725341795,109.23999786376952,142.7899932861328,122.22759979248048,125.99699977874756,107.0,133.16,157.0,1.32,-0.096,0.92,0.92,6.03,6.03,0.36104640000000066,0.11470976000000026,0.5242431999999981
2023-02-16 17:30:02,111.72000122070312,111.9000015258789,112.85,113.23999786376952,111.62999725341795,109.23999786376952,142.7899932861328,122.22759979248048,125.99699977874756,107.0,133.16,157.0,1.32,-0.096,0.92,0.92,6.03,6.03,0.36104640000000066,0.11470976000000026,0.5242431999999981
2023-02-17 09:00:01,111.72000122070312,111.9000015258789,112.85,113.23999786376952,111.62000274658205,109.23999786376952,142.7899932861328,121.85359985351562,125.95559978485107,107.0,132.05,152.0,1.32,-0.096,0.92,0.92,6.03,6.03,0.36104640000000066,0.11470976000000026,0.5242431999999981
2023-02-17 11:00:02,111.88500213623048,111.1500015258789,111.92,112.1500015258789,110.75499725341795,109.23999786376952,142.7899932861328,121.85359985351562,125.95559978485107,107.0,132.05,152.0,1.32,-0.096,0.92,0.92,6.03,6.03,0.3613772247360486,0.11454977375565648,0.5240711915535425
2023-02-17 12:00:02,112.08000183105467,111.1500015258789,111.92,112.3499984741211,110.75499725341795,109.23999786376952,142.7899932861328,121.85359985351562,125.95559978485107,107.0,132.05,152.0,1.32,-0.096,0.92,0.92,6.03,6.03,0.3613772247360486,0.11454977375565648,0.5240711915535425
2023-02-17 13:00:02,111.99500274658205,111.1500015258789,111.92,112.3499984741211,110.75499725341795,109.23999786376952,142.7899932861328,121.85359985351562,125.95559978485107,107.0,132.05,152.0,1.32,-0.096,0.92,0.92,6.03,6.03,0.3613772247360486,0.11454977375565648,0.5240711915535425
2023-02-17 14:00:02,112.37000274658205,111.1500015258789,111.92,112.40499877929688,110.75499725341795,109.23999786376952,142.7899932861328,121.85359985351562,125.95559978485107,107.0,132.05,152.0,1.32,-0.096,0.92,0.92,6.03,6.03,0.3613772247360486,0.11454977375565648,0.5240711915535425
2023-02-17 14:30:02,112.18000030517578,111.1500015258789,111.92,112.43499755859376,110.75499725341795,109.23999786376952,142.7899932861328,121.85359985351562,125.95559978485107,107.0,132.05,152.0,1.32,-0.096,0.92,0.92,6.03,6.03,0.3613772247360486,0.11454977375565648,0.5240711915535425
2023-02-17 15:00:02,112.20999908447266,111.1500015258789,111.92,112.43499755859376,110.75499725341795,109.23999786376952,142.7899932861328,121.85359985351562,125.95559978485107,107.0,132.05,152.0,1.32,-0.096,0.92,0.92,6.03,6.03,0.3613772247360486,0.11454977375565648,0.5240711915535425
2023-02-17 15:30:01,112.08000183105467,111.1500015258789,111.92,112.47000122070312,110.75499725341795,109.23999786376952,142.7899932861328,121.85359985351562,125.95559978485107,107.0,132.05,152.0,1.32,-0.096,0.92,0.92,6.03,6.03,0.3613772247360486,0.11454977375565648,0.5240711915535425
2023-02-17 16:00:02,112.0,111.1500015258789,111.92,112.47000122070312,110.75499725341795,109.23999786376952,142.7899932861328,121.85359985351562,125.95559978485107,107.0,132.05,152.0,1.32,-0.096,0.92,0.92,6.03,6.03,0.3613772247360486,0.11454977375565648,0.5240711915535425
