Date,Open,High,Low,Close,Adj Close,Volume,SMA,EMA,MACD,RSI
2022-01-24,223.3000030517578,233.8000030517578,208.8800048828125,233.72000122070312,233.39810180664065,91398200,264.9414302280971,261.5539156026011,,14.8046761844833
2022-01-25,225.4600067138672,229.42999267578125,220.0,223.2400054931641,222.9325408935547,66461600,259.96571677071705,256.44539425467616,,12.539063409956256
2022-01-26,232.3999938964844,240.57000732421875,223.0,227.72000122070312,227.40635681152344,75595900,256.51428767613004,252.6153418501464,,18.29525485028321
2022-01-27,235.67999267578125,239.9499969482422,216.75,219.44000244140625,219.1377716064453,57335300,252.06143079485213,248.1919632623144,,16.176231184877707
2022-01-28,220.1199951171875,228.5800018310547,212.9600067138672,228.3999938964844,228.08541870117188,54377400,248.9135731288365,245.55303401353703,,26.144954042625077
2022-01-31,231.82000732421875,245.08999633789065,230.5200042724609,244.8600006103516,244.5227508544922,56468000,246.83214460100447,245.46062955977905,,40.21175232633357
2022-02-01,251.0399932861328,251.4499969482422,238.8999938964844,246.3800048828125,246.0406646728516,51892500,244.5614297049386,245.58321293618351,,41.32317983434647
2022-02-02,257.94000244140625,258.1700134277344,245.52999877929688,252.4199981689453,252.0723419189453,54341900,242.59214455740792,246.49478430055171,,45.64697735251916
2022-02-03,244.5800018310547,250.7700042724609,237.8000030517578,239.47999572753903,239.150146484375,41017800,240.7157156808036,245.5594791574834,,39.01408708731307
2022-02-04,239.72000122070312,246.3500061035156,236.32000732421875,243.19000244140625,242.8550567626953,35482900,238.8421434674944,245.2435489286731,,41.6327814082375
2022-02-07,243.72000122070312,251.82000732421875,242.0200042724609,247.27999877929688,246.93942260742188,37686800,238.0028577532087,245.5150755754229,,44.46393411910315
2022-02-08,243.58999633789065,252.3000030517578,239.8000030517578,251.0800018310547,250.73419189453125,41035900,238.03214372907365,246.25706574284047,-9.596771565207575,47.03452452580327
2022-02-09,256.2200012207031,267.25,253.52999877929688,267.04998779296875,266.68218994140625,52428200,239.8571428571429,249.0294553495243,-7.1494431735333706,56.20841773922974
2022-02-10,259.95001220703125,269.25,256.0,258.239990234375,257.88433837890625,51320000,241.60714176722936,250.2575266675044,-5.853337336599168,50.96418644161161
2022-02-11,259.1600036621094,261.5199890136719,237.72999572753903,239.4900054931641,239.16015625,60547200,242.019284929548,248.8218571775924,-6.266890380048181,41.985894856481366
2022-02-14,239.33999633789065,248.75,237.5500030517578,242.6699981689453,242.33575439453125,44042400,243.40714154924663,248.0016093097728,-6.265806991177584,43.79439328034138
2022-02-15,249.4900054931641,265.45001220703125,247.83999633789065,264.95001220703125,264.5850830078125,69986900,246.0664280482701,250.26139636274056,-4.416229917187451,54.49718004249386
2022-02-16,262.5899963378906,265.82000732421875,255.5200042724609,265.1099853515625,264.7448425292969,73267600,249.32856968470983,252.24120822791684,-2.904042273133598,54.56408108006937
2022-02-17,256.29998779296875,257.8500061035156,241.6499938964844,245.07000732421875,244.7324981689453,81059500,250.519284929548,251.2850481074238,-3.2848161009349326,45.53272394660231
2022-02-18,246.67999267578125,249.8600006103516,231.0,236.4199981689453,236.09439086914065,76125500,249.9164276123047,249.30304144896,-4.2357385926423206,42.27973604941183
2022-02-22,230.3500061035156,240.63999938964844,230.0,233.8999938964844,233.57785034179688,63342200,249.0249982561384,247.2493017752966,-5.13351879343395,41.35283474274897
2022-02-23,238.0200042724609,241.5500030517578,223.00999450683597,223.8699951171875,223.5616607666016,56651100,246.98571232387,244.13206088754876,-6.578520063702541,37.80073047226305
2022-02-24,210.1499938964844,238.0,208.8999938964844,237.47999572753903,237.15289306640625,73580100,246.8428551810128,243.2451188662141,-6.549976622047865,44.73743798963618
2022-02-25,237.2100067138672,242.1699981689453,233.80999755859372,241.57000732421875,241.2373046875,52886600,246.72714124407088,243.02177066061475,-6.126701187146836,46.66253041435308
2022-02-28,239.9199981689453,246.6499938964844,237.07000732421875,243.8500061035156,243.5141448974609,47731900,246.48214176722936,243.13220205300155,-5.543374933110698,47.75512494743905
2022-03-01,242.91000366210935,243.7700042724609,231.32000732421875,234.7700042724609,234.4466552734375,41205600,245.31714194161552,242.01724234892947,-5.7475112056952185,43.89846004632665
2022-03-02,237.55999755859372,244.08999633789065,234.1499938964844,242.1999969482422,241.9076232910156,38964200,243.5421425955636,242.04160962883785,-5.249242360156956,47.62577957161752
2022-03-03,242.6199951171875,243.25999450683597,234.69000244140625,237.13999938964844,236.85372924804688,36509500,242.0350003923689,241.38806159694596,-5.2026868891512095,45.41294905467879
2022-03-04,233.83999633789065,236.8000030517578,224.82000732421875,229.3600006103516,229.08311462402344,43141500,241.3114286150251,239.78432013206668,-5.727548609200028,42.168727848126494
2022-03-07,228.1699981689453,230.3300018310547,213.3000030517578,213.5200042724609,213.2622528076172,45082100,239.22928619384768,236.28241135078596,-7.337083298765719,36.458086836920536
2022-03-08,213.08999633789065,223.72999572753903,206.5,215.13999938964844,214.88031005859372,55746700,235.6714281354632,233.46342308930093,-8.385270886099761,37.39191738393615
2022-03-09,223.8699951171875,232.1999969482422,222.47000122070312,230.13999938964844,229.8621826171875,49274200,233.17357199532643,233.0202999293473,-7.914360638158058,45.394118284466266
2022-03-10,225.30999755859372,227.8800048828125,218.82000732421875,226.5800018310547,226.3064727783203,42806600,231.8528573172433,232.1615935162416,-7.739210127913111,43.95809643240264
2022-03-11,230.22000122070312,231.4499969482422,220.4600067138672,221.0,220.7332305908203,36720900,230.7514288766044,230.67338104740935,-7.95891616905422,41.729779899942535
2022-03-14,218.69000244140625,222.6199951171875,211.58999633789065,213.3000030517578,213.04249572753903,38535400,229.2800009591239,228.3569306479892,-8.654595403209129,38.80641878367842
2022-03-15,215.17999267578125,230.3800048828125,213.22000122070312,229.72999572753903,229.4526824951172,49199600,229.69857243129184,228.5400059919292,-7.790360682006508,47.29137421843676
2022-03-16,235.0,245.97000122070312,231.72000122070312,244.9600067138672,244.664306640625,67142200,230.2328589303153,230.72933942152093,-5.809545016263087,53.70009467886357
2022-03-17,241.1999969482422,248.4199981689453,239.05999755859372,247.66000366210935,247.3610382080078,47194100,230.66785866873605,232.98676132026608,-3.976033897473144,54.75048640083273
2022-03-18,247.9900054931641,265.69000244140625,246.2400054931641,264.5299987792969,264.2106628417969,73071900,232.1450010027204,237.1925263148035,-1.1484568133182336,60.743187158425584
2022-03-21,265.07000732421875,271.5199890136719,259.6700134277344,267.3399963378906,267.01727294921875,59172700,234.471429007394,241.21218898454845,1.3041285343641107,61.65415420549191
2022-03-22,267.2699890136719,272.3800048828125,260.7200012207031,265.239990234375,264.9197998046875,54700700,236.1171428135463,244.41589581785863,3.0432860431297684,60.52380367761677
2022-03-23,261.260009765625,266.1199951171875,255.75,256.3399963378906,256.0305480957031,50212000,237.4885711669922,246.00577588719625,3.661221489387543,55.85042359123083
2022-03-24,261.6600036621094,283.20001220703125,259.07000732421875,281.5,281.1601867675781,87737900,241.21285683768136,250.73833910223675,6.11070144466504,64.25359051093778
2022-03-25,278.8599853515625,283.5799865722656,272.7099914550781,276.9200134277344,276.5857238769531,57901600,245.7414289202009,254.2292290123031,7.59481699423543,61.94236449792862
2022-03-28,277.5599975585937,282.5,272.0599975585937,282.19000244140625,281.849365234375,42549400,250.5307148524693,257.95733213618354,9.091432950183387,63.56633474409029
2022-03-29,286.95001220703125,289.4599914550781,279.79998779296875,286.5599975585937,286.21405029296875,48898400,254.5607147216797,261.7710208591716,10.508992834417567,64.9037103477664
2022-03-30,283.0400085449219,284.9599914550781,275.0299987792969,276.8999938964844,276.56573486328125,46348700,258.1549998692104,263.7882172641466,10.72925749050782,59.68794348038659
2022-03-31,277.82000732421875,282.4800109863281,272.70001220703125,272.8599853515625,272.5306091308594,52344000,261.8592845371791,264.9977863424687,10.457278889952136,57.60305032229856
2022-04-01,273.75,274.9599914550781,262.6700134277344,267.1199951171875,266.7975769042969,51723500,265.7035696847098,265.2807475124312,9.667128014524508,54.68061995868812
2022-04-04,267.2799987792969,275.5799865722656,266.1300048828125,273.6000061035156,273.2697448730469,39712000,268.83714185442244,266.38998199124245,9.454821190639848,57.313542464664586
2022-04-05,272.5400085449219,273.19000244140625,258.20001220703125,259.3099975585937,258.9969787597656,43661500,269.86214120047435,265.4459840668893,8.040792983834535,50.36456879161828
2022-04-06,249.33999633789065,253.0,240.02999877929688,244.07000732421875,243.77536010742188,70383300,269.605712890625,262.5958538345332,5.625577441471876,44.20846749121784
2022-04-07,244.41000366210935,247.22000122070312,234.77999877929688,242.0800018310547,241.78778076171875,55799200,268.0021416800363,259.8604069007361,3.5104585305766705,43.461435882871335
2022-04-08,239.1699981689453,239.22999572753903,230.6199951171875,231.19000244140625,230.91091918945312,52478100,265.4199992588588,256.03768630615883,0.944590959270016,39.52532576810686
2022-04-11,222.13999938964844,223.1999969482422,216.6000061035156,219.1699981689453,218.90542602539065,57520700,262.1292855398996,251.1219945545304,-2.035329455474482,35.683864165340495
2022-04-12,225.3699951171875,227.25,212.82000732421875,215.0399932861328,214.7803955078125,66225800,259.17928532191684,246.31106105207735,-4.676289378413458,34.445126208354495
2022-04-13,217.27999877929688,225.0,214.5500030517578,222.02999877929688,221.761962890625,51694300,254.93142809186665,243.0735860823733,-6.13451920031082,38.34615680532738
2022-04-14,225.0500030517578,227.7700042724609,211.6300048828125,212.5800018310547,212.3233795166016,56909700,250.33571297781808,239.0077748488642,-7.960943812194927,35.28877427713242
2022-04-18,212.0,220.8800048828125,210.7899932861328,217.8300018310547,217.56704711914065,52570100,245.7385700770787,236.1840717798229,-8.88237684074008,38.23510802490177
2022-04-19,217.1999969482422,223.72999572753903,213.13999938964844,221.97999572753903,221.71202087402344,51278100,241.12571280343192,234.29019497285176,-9.172019992835205,40.53974190523929
2022-04-20,225.1699981689453,226.6999969482422,212.0,214.82000732421875,214.5606689453125,46897400,236.6914280482701,231.69416995303405,-9.865591110065369,37.91141265849769
2022-04-21,217.08999633789065,223.9199981689453,200.0,201.8300018310547,201.5863494873047,65620900,231.61785779680525,227.71228087010348,-11.3327986502552,33.64902476855511
2022-04-22,203.02999877929688,204.8600006103516,195.0,195.1499938964844,194.91439819335935,62471300,226.47714342389787,223.37064260695428,-12.886049650594655,31.67671354523169
2022-04-25,192.0200042724609,199.4499969482422,190.9600067138672,199.0200042724609,198.77975463867188,64156600,221.1500004359654,220.12389082902183,-13.64741584992126,34.0871350199365
2022-04-26,197.17999267578125,197.8800048828125,186.6999969482422,187.8800048828125,187.6532287597656,65314300,216.04785810198103,215.824706036194,-14.977062642870749,30.726683408847503
2022-04-27,185.97999572753903,191.6699981689453,182.8999938964844,184.1499938964844,183.92770385742188,49946000,211.76785714285717,211.60141108423267,-16.145680663118128,29.671902722285253
2022-04-28,189.6699981689453,200.3699951171875,184.8999938964844,197.82000732421875,197.5811767578125,57032700,208.60642896379744,209.7638905828975,-15.786782819639429,38.063364266485415
2022-04-29,194.0200042724609,201.27999877929688,185.1699981689453,185.47000122070312,185.24612426757807,50043500,205.3407145908901,206.5247053346049,-16.310874365688562,34.104232665990025
2022-05-02,185.41000366210935,195.7400054931641,183.91000366210935,195.3300018310547,195.09420776367188,57204900,203.63785770961215,205.0320782007982,-15.749055734950389,39.513582652420666
2022-05-03,194.0,198.25,191.3300018310547,196.0200042724609,195.7833709716797,47575100,202.27928706577845,203.83046834368656,-15.07436509463082,39.88548190083777
2022-05-04,199.22999572753903,204.0,187.50999450683597,203.33999633789065,203.09454345703125,64885500,200.9442868913923,203.76507207624712,-13.79004268922219,43.83104038337546
2022-05-05,198.6699981689453,199.25,185.0,188.44000244140625,188.2125244140625,62633100,199.22000122070312,201.7217294582684,-13.81525920448516,38.3179895905133
2022-05-06,187.3600006103516,195.1199951171875,179.89999389648438,186.75,186.5245819091797,63329700,197.0000010899135,199.7254988638326,-13.812391891775064,37.73819091814069
2022-05-09,180.33999633789065,182.5500030517578,168.27000427246094,169.5,169.29539489746094,64445500,193.25142996651783,195.6954323486549,-15.028807622366571,32.35646028039859
2022-05-10,176.88999938964844,181.97999572753903,170.25,175.9499969482422,175.73757934570312,76147400,190.4750006539481,193.0627076285999,-15.29604175590623,36.02990067932748
2022-05-11,173.47000122070312,177.52999877929688,165.67999267578125,166.3000030517578,166.09925842285156,67016700,187.93714359828405,189.4943470183543,-16.100899444798927,33.13099942626569
2022-05-12,162.19000244140625,167.8800048828125,155.6699981689453,161.75,161.55474853515625,70872800,185.5514297485352,185.7951007492404,-16.910963126039718,31.83057771778583
2022-05-13,167.8800048828125,179.27999877929688,165.92999267578125,177.05999755859375,176.8462677001953,67043700,183.98285784040175,184.63042032382089,-16.131600528308752,40.3191181624903
2022-05-16,175.08999633789062,177.8800048828125,171.05999755859375,172.63999938964844,172.4315948486328,52144600,182.8942860194615,183.0316975325979,-15.689745349508796,38.81635742967479
2022-05-17,180.7400054931641,183.7100067138672,176.33999633789062,181.7700042724609,181.5505828857422,58583000,182.72428676060267,182.86347176457963,-14.436442522480943,43.50076809379056
2022-05-18,177.0500030517578,181.17999267578125,168.63999938964844,169.3800048828125,169.175537109375,54516100,180.692858014788,181.065676180344,-14.278368264325875,39.1231451557335
2022-05-19,169.3699951171875,176.8699951171875,167.33999633789062,171.24000549316406,171.03326416015625,62131000,179.67642974853516,179.7555867553867,-13.843428346548706,40.09771131493142
2022-05-20,173.32000732421875,174.10000610351562,157.5500030517578,166.94000244140625,166.73846435546875,73910500,177.64857264927454,178.04684218018932,-13.687923772971232,38.56081120362002
2022-05-23,162.74000549316406,169.14999389648438,161.7899932861328,168.97999572753906,168.7760009765625,63988900,175.71714346749442,176.83792931983595,-13.247367462893124,39.740843151988194
2022-05-24,165.10000610351562,165.97000122070312,157.8000030517578,161.5399932861328,161.34498596191406,58855000,172.73142896379744,174.7982045153422,-13.344739580375515,36.95324661456289
2022-05-25,160.1999969482422,171.11000061035156,160.0,169.75,169.54507446289062,78113200,171.39642878941126,174.12511057996323,-12.614022161566083,41.8043288632297
2022-05-26,160.36000061035156,180.9199981689453,160.22000122070312,178.50999450683594,178.2945098876953,99657500,170.807856968471,174.70976177021294,-11.198970238459909,46.53167592260698
2022-05-27,181.8600006103516,188.80999755859372,181.0,188.1100006103516,187.88291931152344,73837900,172.13714272635323,176.4964602822314,-9.196875279182194,51.209210539644985
2022-05-31,189.8000030517578,192.0,183.5,186.72000122070312,186.4945831298828,66410000,172.90642874581474,177.85959907402764,-7.634357809074089,50.52006316311125
2022-06-01,187.2400054931641,190.52999877929688,181.22000122070312,183.1999969482422,182.97885131835935,54451400,174.1135711669922,178.57165212392292,-6.603960043013899,48.73156837095869
2022-06-02,182.9199981689453,196.19000244140625,181.97999572753903,195.9199981689453,195.68348693847656,64865600,176.55428532191686,180.8847649299259,-4.706708589970333,54.9395191218159
2022-06-03,190.82000732421875,193.32000732421875,185.22000122070312,187.1999969482422,186.97401428222656,59877900,177.27857099260603,181.7267958657014,-3.862232949608028,50.43122897536818
2022-06-06,191.38999938964844,193.3699951171875,185.63999938964844,187.8600006103516,187.6332244873047,42240600,178.36571393694197,182.5445564983214,-3.103942820157528,50.76057653300363
2022-06-07,184.72000122070312,190.0,181.8800048828125,189.25999450683597,189.03152465820312,38891400,178.90071323939733,183.43994823279,-2.362787874342473,51.49675243002456
2022-06-08,187.9900054931641,191.8000030517578,185.3500061035156,186.47999572753903,186.2942657470703,36325200,180.1221411568778,183.84528789875657,-1.9769508493390904,49.90130077886898
2022-06-09,184.80999755859372,189.3300018310547,180.41000366210935,180.47999572753903,180.30023193359372,39557400,180.78214045933316,183.3965822759276,-2.1307600081046303,46.549269917287184
2022-06-10,176.0,176.97000122070312,168.69000244140625,169.74000549316406,169.5709228515625,46524800,180.98214067731584,181.57570537155917,-3.0837349516676227,41.21267470176384
2022-06-13,160.0,163.1199951171875,156.05999755859375,156.47000122070312,156.31414794921875,60415300,180.08856964111328,178.228278151445,-4.853801302955503,35.757917042891805
2022-06-14,157.30999755859375,160.66000366210938,154.1199951171875,158.36000061035156,158.2022705078125,46968000,179.8614273071289,175.57917447929924,-6.034522267292232,37.03615348731255
2022-06-15,160.9499969482422,168.67999267578125,159.25999450683594,165.27000427246094,165.10540771484375,56393600,179.5414276123047,174.20461845172082,-6.339593702005544,41.61048608430333
2022-06-16,158.60000610351562,159.4199981689453,154.00999450683594,156.00999450683594,155.85459899902344,54574900,177.93428475516183,171.77866859240282,-7.245053938973143,37.66177694789023
2022-06-17,156.47999572753906,159.9499969482422,153.27999877929688,158.8000030517578,158.641845703125,63033400,175.84071350097656,170.04817985365017,-7.649330606073988,39.52392715219758
2022-06-21,164.75,170.0800018310547,164.07000732421875,165.66000366210938,165.49497985839844,48308900,174.33642796107702,169.46308969477806,-7.331663209887637,43.95681178188397
2022-06-22,162.25999450683594,166.6199951171875,161.8000030517578,163.60000610351562,163.43704223632812,43713500,172.9364286150251,168.68134521594305,-7.163557069858655,42.93896672665447
2022-06-23,165.19000244140625,165.85000610351562,158.52999877929688,162.25,162.08839416503906,46368000,170.53142874581474,167.823832520484,-7.057906796670721,42.24853482816025
2022-06-24,165.0,171.39999389648438,163.10000610351562,171.25999450683594,171.0894012451172,47215300,169.39285714285714,168.28198745199757,-6.17595437927821,48.23139926589023
2022-06-27,173.1199951171875,173.3000030517578,166.25999450683594,168.69000244140625,168.52198791503906,42796800,168.02357155936105,168.3363894505854,-5.619598383642824,46.74387915546913
2022-06-28,169.0,172.02000427246094,159.4499969482422,159.82000732421875,159.66082763671875,46114900,165.92071533203125,167.2008718337365,-5.827243884916186,41.93656880706511
2022-06-29,158.13999938964844,158.1999969482422,151.6999969482422,155.4199981689453,155.26519775390625,48235200,163.702144077846,165.630088678431,-6.274519650324066,39.7525456577614
2022-06-30,153.61000061035156,155.6699981689453,148.6199951171875,151.58999633789062,151.4390106201172,68607000,161.6385726928711,163.75807636635895,-6.858972095211243,37.90217570103863
2022-07-01,148.99000549316406,150.6300048828125,143.9199981689453,145.22999572753906,145.08535766601562,57761000,159.88785770961218,161.2876656145163,-7.746061984251042,34.98961090747977
2022-07-05,141.75,149.7100067138672,140.5500030517578,149.63999938964844,149.490966796875,65139700,159.4000004359654,159.7346434512006,-8.001006055504263,38.51761159715444
2022-07-06,150.10000610351562,153.19000244140625,147.88999938964844,151.3000030517578,151.1492919921875,52906600,158.89571489606584,158.6100247312749,-7.9771470607280435,39.84104162246056
2022-07-07,154.55999755859375,159.4499969482422,153.88999938964844,158.5800018310547,158.4220428466797,49290300,158.41785757882255,158.6060216779122,-7.286805813928396,45.39252788778998
2022-07-08,154.3000030517578,160.3699951171875,153.88999938964844,158.3800048828125,158.2222442626953,46797200,158.58714403424943,158.57588610523223,-6.678853815139689,45.26893712715476
2022-07-11,155.25999450683594,155.27000427246094,150.3800048828125,151.52000427246094,151.36911010742188,43732100,158.0671441214425,157.63510186086273,-6.6736623683088965,41.13210376094296
2022-07-12,152.67999267578125,154.30999755859375,148.77000427246094,150.82000732421875,150.66978454589844,45848300,157.00714438302177,156.7264225893102,-6.649382075428747,40.72315786566293
2022-07-13,145.89999389648438,153.75,144.64999389648438,151.63999938964844,151.48895263671875,52191800,156.1528581891741,156.0482328293553,-6.489170147577511,41.4574264171817
2022-07-14,151.0800018310547,154.72999572753906,147.27999877929688,153.72000122070312,153.56689453125,45623500,155.5435725620815,155.73780194820168,-6.123771252936734,43.37356894449871
2022-07-15,156.58999633789062,157.82000732421875,154.4499969482422,157.6199951171875,157.46302795410156,38593500,154.5692868913923,155.9887610373998,-5.456592876470808,46.884044029206734
2022-07-18,163.02000427246094,168.97000122070312,160.02000427246094,161.00999450683594,160.84963989257812,67051700,154.02071489606584,156.65825883332462,-4.601264078909111,49.797398337928406
2022-07-19,164.86000061035156,171.10000610351562,161.72000122070312,169.9199981689453,169.750732421875,70236600,154.7421428135463,158.4264907447407,-3.16792909832742,56.543945239984566
2022-07-20,169.47000122070312,179.3300018310547,168.00999450683594,178.07000732421875,177.89263916015625,76053800,156.36000061035156,161.04562628867112,-1.3587009148489528,61.624119091761656
2022-07-21,178.85000610351562,181.44000244140625,175.4499969482422,180.5,180.32020568847656,55704900,158.4250008719308,163.63954278351497,0.2681148943756568,63.01251902901307
2022-07-22,178.92999267578125,179.6699981689453,171.3699951171875,173.19000244140625,173.01751708984375,53667100,160.4221442086356,164.91293740456717,0.9564965363090892,56.40183483117613
2022-07-25,170.19000244140625,171.24000549316406,166.49000549316406,170.24000549316406,170.0704345703125,48074800,161.89357321602958,165.62321314971342,1.2495992452426776,53.94238086409766
2022-07-26,168.88999938964844,169.19000244140625,164.77999877929688,165.3300018310547,165.16531372070312,39786500,162.89571598597936,165.5841183072256,1.073316468709038,50.03183962233639
2022-07-27,170.32000732421875,179.36000061035156,169.1300048828125,177.89999389648438,177.72279357910156,56977600,164.27571541922433,167.2262350524601,1.9257060653199856,58.35530721381736
2022-07-28,179.75,181.3999938964844,174.39999389648438,179.83999633789062,179.66087341308594,47464600,165.8085719517299,168.90806989051754,2.7263453335994825,59.4772275978656
2022-07-29,178.1300048828125,182.44000244140625,176.9199981689453,181.6300048828125,181.44908142089844,43546000,167.95928628104073,170.6043278894902,3.4653500535432897,60.53371929344885
2022-08-01,181.82000732421875,188.4600067138672,179.89999389648438,184.41000366210935,184.226318359375,47646900,170.3585717337472,172.44508465917275,4.226617471180589,62.18275845424288
2022-08-02,181.22000122070312,189.3800048828125,180.9199981689453,185.25999450683597,185.07546997070312,48952700,172.75999995640345,174.15373930552784,4.842691014251443,62.69599148195248
2022-08-03,181.83999633789065,189.67999267578125,181.3699951171875,188.92999267578125,188.7417907714844,41814600,175.27499934605189,176.12390642156163,5.5629457407983125,64.91031226085497
2022-08-04,188.4900054931641,192.7400054931641,187.6000061035156,192.1499938964844,191.9586334228516,40965200,177.7414278302874,178.26071808488467,6.320718678168362,66.77385704982578
2022-08-05,188.1000061035156,192.2899932861328,186.66000366210935,189.88999938964844,189.7008819580078,38606800,179.80428532191686,179.81128892551985,6.662099979799933,64.19688152240388
2022-08-08,175.02000427246094,182.38999938964844,172.4199981689453,177.92999267578125,177.75277709960938,98185900,180.37642778669084,179.5604494255547,5.899567985615335,52.62280065244707
2022-08-09,172.52000427246094,174.47000122070312,167.24000549316406,170.86000061035156,170.6898193359375,66826300,179.8614273071289,178.40038958352764,4.670923119019136,47.20489091663266
2022-08-10,176.97999572753906,181.17999267578125,173.1699981689453,180.97000122070312,180.78973388671875,59742200,179.89499882289343,178.74300446848437,4.4615755016397145,54.43013449675584
2022-08-11,181.30999755859372,187.07000732421875,178.75999450683594,179.4199981689453,179.2412872314453,50932700,180.33999851771765,178.83327029521251,4.123065580741951,53.22742615777312
2022-08-12,181.6000061035156,187.17999267578125,179.52999877929688,187.08999633789065,186.90365600585935,47809400,181.54356929234092,179.93416710090295,4.422716458692378,58.15478415887869
2022-08-15,187.00999450683597,191.63999938964844,186.1300048828125,190.32000732421875,190.13043212890625,45766600,183.32856968470983,181.3189457973451,4.864749031965289,60.0628499307789
2022-08-16,189.1999969482422,191.4199981689453,185.00999450683597,188.7899932861328,188.60194396972656,45124000,184.1064267839704,182.3150854625168,5.033579711326496,58.69750227390102
2022-08-17,185.22999572753903,186.8800048828125,181.4499969482422,183.3500061035156,183.1673889160156,44679900,184.35714176722936,182.45307488131664,4.6745326368699125,53.99749956746405
2022-08-18,183.00999450683597,188.6499938964844,181.8300018310547,187.72999572753903,187.5430145263672,41544700,184.79285539899556,183.15666432747963,4.689357803393079,56.98403740361277
2022-08-19,184.05999755859372,185.1999969482422,177.6999969482422,178.49000549316406,178.31224060058594,44158800,184.369998386928,182.5344431495709,3.910439749312701,49.65961995513319
2022-08-22,174.89999389648438,175.5800018310547,169.66000366210938,170.33999633789062,170.17030334472656,40959300,183.3042842320033,180.90851690801352,2.605469720204411,44.25623837949413
2022-08-23,169.88999938964844,174.64999389648438,169.6999969482422,171.80999755859375,171.6388702392578,36998600,182.0814274379185,179.69538099475756,1.670630396255916,45.4100091950073
2022-08-24,170.1199951171875,174.05999755859375,168.9499969482422,172.22000122070312,172.04847717285156,52266100,180.6578565325056,178.6986636915503,0.9518747463078228,45.74729602972286
2022-08-25,168.44000244140625,179.47000122070312,168.3300018310547,179.1300048828125,178.9515838623047,77069100,179.88928549630302,178.7561758503853,0.9291248882397268,51.21775060157564
2022-08-26,178.57000732421875,179.24000549316406,162.3699951171875,162.60000610351562,162.43804931640625,76912700,178.79428645542689,176.602019884136,-0.4179197737032893,40.65657922795575
2022-08-29,160.1999969482422,163.3800048828125,157.6699981689453,158.00999450683594,157.8526153564453,49613200,177.87642887660436,174.1230831671627,-1.8346887983373392,38.29522132132928
2022-08-30,159.60000610351562,160.38999938964844,151.82000732421875,154.67999267578125,154.5259552001953,53018100,175.99857112339564,171.53067110164517,-3.189426057170777,36.63289018628479
2022-08-31,153.83999633789062,155.39999389648438,149.58999633789062,150.94000244140625,150.78965759277344,57371000,173.96428571428572,168.78524861361333,-4.512829956068259,34.80549910694185
2022-09-01,142.08999633789062,143.8000030517578,132.6999969482422,139.3699951171875,139.23117065429688,117886500,170.5557141985212,164.8632148140899,-6.421220148235364,29.84544685966345
2022-09-02,141.0,141.7100067138672,135.91000366210938,136.47000122070312,136.33407592773438,74315700,166.70928519112724,161.07745300163833,-8.074559895684303,28.7399131976629
2022-09-06,137.30999755859375,137.7899932861328,133.50999450683594,134.64999389648438,134.515869140625,53575100,162.84214237758093,157.5537917876178,-9.42307954253289,28.037971234250875
2022-09-07,135.6300048828125,138.3800048828125,133.4600067138672,137.13999938964844,137.0441131591797,51265700,159.5414276123047,154.8319528012219,-10.173593590694225,30.53761043108265
2022-09-08,134.58999633789062,140.0800018310547,133.69000244140625,139.89999389648438,139.8021697998047,62487300,156.1249989100865,152.8410249472569,-10.425494282119246,33.30310090303746
2022-09-09,141.57000732421875,144.74000549316406,141.25999450683594,143.8699951171875,143.76942443847656,48661200,153.65214102608817,151.64488763658096,-10.187348067970303,37.17750347318096
2022-09-12,143.69000244140625,145.47000122070312,141.97999572753906,145.0500030517578,144.94859313964844,48415900,151.84571293422155,150.76556969193786,-9.790539454492205,38.32431501043271
2022-09-13,138.02000427246094,139.22000122070312,130.99000549316406,131.30999755859375,131.2182159423828,71495600,148.9528557913644,148.171493407492,-10.464145230230542,31.1856323132764
2022-09-14,132.5399932861328,132.89999389648438,129.1300048828125,131.27999877929688,131.18821716308594,58850700,146.0285699026925,145.91929412373264,-10.875042589852823,31.17197990004952
2022-09-15,130.14999389648438,132.3300018310547,127.9000015258789,129.2899932861328,129.1995849609375,52362500,142.46856907435827,143.70205401205266,-11.23178548827252,30.22665660804303
2022-09-16,127.41999816894533,132.1199951171875,126.16999816894533,131.97999572753906,131.88771057128906,67075100,140.28142547607422,142.13911290745085,-11.168700265346471,33.176690687075634
2022-09-19,130.1199951171875,134.6300048828125,130.10000610351562,133.82000732421875,133.72645568847656,56968500,138.55356924874442,141.02989882968657,-10.84521433351432,35.19504894275677
2022-09-20,132.14999389648438,134.8300018310547,130.57000732421875,131.75999450683594,131.66787719726562,52481800,136.9164265223912,139.79391158663984,-10.632510260291582,33.95838595860384
2022-09-21,132.1300048828125,140.30999755859375,131.10000610351562,132.61000061035156,132.51727294921875,80767900,135.60714067731584,138.8360567898014,-10.276886807084026,34.97368905262832
2022-09-22,130.6999969482422,131.49000549316406,124.27999877929688,125.61000061035156,125.52217864990234,75916200,134.62428392682756,137.0725826325414,-10.439553482695374,30.777355419135432
2022-09-23,124.1999969482422,126.11000061035156,122.56999969482422,125.16000366210938,125.07249450683594,66330900,133.81642695835657,135.48423876981715,-10.483926805809688,30.52380551246631
2022-09-26,124.91000366210938,126.58999633789062,122.13999938964844,122.27999877929688,122.19450378417967,54734300,132.9328558785575,133.72367343774778,-10.628961259803845,28.883765997567775
2022-09-27,125.06999969482422,127.36000061035156,122.58000183105467,124.12999725341795,124.04320526123048,55385400,132.00357001168388,132.44451661317046,-10.47388625277756,31.43234307665625
2022-09-28,124.0999984741211,128.22999572753906,123.54000091552734,127.36000061035156,127.27095794677734,54241400,131.10785620553153,131.76658114612795,-9.97536412759959,35.76091516566012
2022-09-29,124.4800033569336,125.0,119.45999908447266,122.1999969482422,122.11456298828124,53276300,129.559999193464,130.49103658640985,-9.882728975476256,32.257527902181
2022-09-30,120.87000274658205,126.33000183105467,120.75,121.38999938964844,121.3051300048828,56563800,127.86999893188477,129.277564960175,-9.762143074920148,31.732000509307497
2022-10-03,123.47000122070312,126.77999877929688,121.0500030517578,125.12000274658205,125.03252410888672,54747800,127.4278564453125,128.72322333169592,-9.258867322935115,36.835276676222186
2022-10-04,128.7899932861328,132.1999969482422,128.7899932861328,131.6699981689453,131.5779571533203,58418200,127.4557135445731,129.11612664332918,-8.236542043978432,44.65871385709302
2022-10-05,129.11000061035156,133.2100067138672,126.20999908447266,132.08999633789062,131.9976348876953,50713100,127.6557137625558,129.51264260260405,-7.308207090646618,45.12802908400656
2022-10-06,132.1999969482422,136.55999755859375,131.02999877929688,131.3000030517578,131.20822143554688,64415700,127.60714285714286,129.75095732915787,-6.560614131908409,44.36590544388831
2022-10-07,125.0500030517578,126.6999969482422,120.22000122070312,120.76000213623048,120.67556762695312,67247800,126.67428534371513,128.5521633034342,-6.74092611325915,35.7026446964868
2022-10-10,120.37000274658205,121.23999786376952,114.08000183105467,116.6999969482422,116.61841583251952,69869900,125.598571232387,126.97187445607528,-7.129251571042886,33.027322873533805
2022-10-11,115.61000061035156,118.45999908447266,112.83000183105467,115.86000061035156,115.77899932861328,66748200,124.40214266095845,125.49029127664544,-7.419258386049435,32.48495568235931
2022-10-12,115.79000091552734,117.3499984741211,113.4499969482422,115.0,114.91960144042967,49259000,123.64428547450474,124.09158577309272,-7.630525786825629,31.90723847051615
2022-10-13,109.70999908447266,120.77999877929688,108.12999725341795,119.5999984741211,119.5163803100586,85010300,123.2471422467913,123.49270746656316,-7.342139675118389,38.23459006411725
2022-10-14,120.56999969482422,121.11000061035156,112.04000091552734,112.2699966430664,112.19149780273438,71343200,122.5321420942034,121.99634602343028,-7.617254523692665,32.97620095226377
2022-10-17,115.18000030517578,119.4800033569336,115.16999816894533,118.87999725341795,118.79688262939452,58077400,122.1571420942034,121.5808328540953,-7.21870052988443,40.87321076635608
2022-10-18,123.44000244140624,124.91999816894533,116.18000030517578,119.66999816894533,119.5863265991211,65936200,121.60785620553152,121.32605489607532,-6.761158717771707,41.7564778485067
2022-10-19,118.79000091552734,123.5,118.33999633789062,120.51000213623048,120.42575073242188,52313100,121.48714229038784,121.21724786142934,-6.258626682768679,42.736030146100674
2022-10-20,121.12999725341795,127.69000244140624,121.0500030517578,121.94000244140624,121.85474395751952,65239800,121.52642822265624,121.3136151387596,-5.679507523504185,44.44885321153389
2022-10-21,120.9800033569336,124.9800033569336,118.87000274658205,124.66000366210938,124.57284545898438,60949400,121.49357114519393,121.75980027520625,-4.94407779965394,47.65597753862851
2022-10-24,125.08000183105467,127.0999984741211,120.63999938964844,125.98999786376952,125.90191650390624,51745700,121.08785683768136,122.32382662034804,-4.205447250070122,49.200338854460654
2022-10-25,126.94000244140624,133.0,126.63999938964844,132.61000061035156,132.51727294921875,50548200,121.125,123.69531648568184,-3.0507313895569297,56.137314148110384
2022-10-26,128.69000244140625,133.8800048828125,127.08000183105467,128.9600067138672,128.86984252929688,53295300,120.95785740443638,124.39727518277324,-2.40244091064585,51.92693977805208
2022-10-27,136.3000030517578,138.3800048828125,131.22000122070312,131.75999450683594,131.66787719726562,58311300,121.74357114519393,125.37897109264829,-1.6437819261835784,54.73179859357434
2022-10-28,131.0399932861328,138.5,130.61000061035156,138.33999633789062,138.24327087402344,52104000,123.28928538731166,127.10710779201392,-0.5057579954103915,60.55609770786197
2022-10-31,137.77999877929688,138.3800048828125,132.97000122070312,134.97000122070312,134.87564086914062,48634100,124.6542854309082,128.1554935825058,0.122788299925844,56.54353935309607
2022-11-01,138.11000061035156,139.25,135.19000244140625,135.42999267578125,135.33531188964844,43281700,126.11357062203544,129.12542679494254,0.6505342792989097,56.962731708297824
2022-11-02,138.5,142.10000610351562,132.11000061035156,132.19000244140625,132.09759521484375,67262800,127.01285661969868,129.5340368811377,0.7981362184667375,53.078907222486
2022-11-03,130.42999267578125,137.80999755859375,129.55999755859375,134.2100067138672,134.1161651611328,50006500,128.58000019618444,130.15749952550163,1.0658231359202546,55.13285995386701
2022-11-04,139.86000061035156,142.2899932861328,136.97000122070312,141.55999755859375,141.46102905273438,61257600,130.2000002179827,131.6778325965806,1.849727276684888,61.70211742053904
2022-11-07,142.27999877929688,144.1199951171875,139.5399932861328,143.00999450683594,142.91000366210938,41006100,131.8671428135463,133.188787517948,2.558486946640187,62.8574953208411
2022-11-08,148.00999450683594,148.91000366210938,142.16000366210938,146.02000427246094,145.91790771484375,59529200,133.68928582327706,134.89961641854973,3.3247411770921644,65.20421609446106
2022-11-09,141.6199951171875,142.11000061035156,137.58999633789062,137.75999450683594,137.6636962890625,45441400,134.81928525652205,135.28100016365457,3.2282758643526392,54.944968734264016
2022-11-10,148.0,157.72999572753906,145.47000122070312,157.5,157.38987731933594,70081900,137.1649992806571,138.24353347516728,4.690609452238135,67.9310040096495
2022-11-11,158.07000732421875,163.88999938964844,154.82000732421875,163.27000427246094,163.15585327148438,65548700,139.8278568812779,141.58039624813978,6.243143408045768,70.59857064027497
2022-11-14,162.17999267578125,165.39999389648438,159.22000122070312,162.9499969482422,162.83607482910156,52785200,141.9949994768415,144.42967634148678,7.362841582224632,70.24955734455328
2022-11-15,167.22000122070312,169.97999572753906,163.82000732421875,166.66000366210938,166.54347229003906,54587600,144.68785640171595,147.39371998423647,8.45214591145131,71.97908622229802
2022-11-16,161.6199951171875,163.6199951171875,158.72999572753906,159.10000610351562,158.98876953125,64954700,146.64071437290735,148.9545581334737,8.606191994787252,63.835290555869015
2022-11-17,157.14999389648438,162.66000366210938,155.35000610351562,156.77000427246094,156.66038513183594,71089400,147.95714351109095,149.996617618672,8.442938016635424,61.5248725906544
2022-11-18,159.66000366210938,160.02000427246094,151.1999969482422,154.08999633789062,153.98226928710938,49207200,149.32285744803292,150.54240144790114,8.005026853597627,58.884907340688166
2022-11-21,151.47000122070312,154.77000427246094,150.8000030517578,153.1699981689453,153.06289672851562,40473900,150.59000069754464,150.8927476773737,7.497318517471541,57.9654068981568
2022-11-22,153.27999877929688,160.5800018310547,151.22000122070312,160.3800048828125,160.26788330078125,47286600,152.60357230050224,152.15771530476556,7.589259034519188,62.860066137895856
2022-11-23,160.97999572753906,165.27000427246094,160.47999572753906,165.19000244140625,165.07452392578125,42724100,154.8164291381836,153.895353589651,7.958508429649242,65.72726763118999
2022-11-25,163.17999267578125,164.8699951171875,161.72000122070312,162.6999969482422,162.58624267578125,16793400,156.32642909458704,155.06930603746315,7.958478219203613,63.015187879980544
2022-11-28,160.25999450683594,163.57000732421875,157.25,158.27000427246094,158.15936279296875,30374100,157.4164297921317,155.49606580212952,7.514369912447933,58.39834787034999
2022-11-29,158.27000427246094,159.32000732421875,155.1999969482422,156.38999938964844,156.28065490722656,29838400,158.15714372907365,155.61525694713202,6.9308160642247,56.50627895402944
2022-11-30,156.97000122070312,169.3000030517578,155.97000122070312,169.22999572753906,169.1549530029297,56529800,160.4050009591239,157.4305554511863,7.418905309075569,64.87631097711989
2022-12-01,169.99000549316406,172.64999389648438,166.35000610351562,171.35000610351562,171.2740020751953,47097700,161.394287109375,159.2864822048302,7.885883119973073,66.03841828845279
2022-12-02,166.58999633789062,169.3300018310547,164.4499969482422,168.75999450683594,168.68515014648438,37138900,161.78642926897322,160.549617178431,7.955270700628034,63.28364416067164
2022-12-05,166.7899932861328,169.9499969482422,164.72000122070312,166.10000610351562,166.02633666992188,35225500,162.0114299229213,161.28966903510894,7.706783027079979,60.49267621255463
2022-12-06,165.3000030517578,165.72999572753906,158.19000244140625,159.8699951171875,159.79908752441406,35269400,161.52642931256975,161.1003791793861,6.927291431777348,54.43714230231111
2022-12-07,157.72000122070312,161.86000061035156,156.6699981689453,161.1999969482422,161.12850952148438,37238800,161.67642865862166,161.1136615485669,6.343732163498743,55.46214970774248
2022-12-08,162.72999572753906,171.7899932861328,159.58999633789062,171.69000244140625,171.6138458251953,51545600,162.7421428135463,162.52384033427882,6.651043919561317,62.60729537262196
2022-12-09,171.60000610351562,175.8300018310547,169.75,170.00999450683594,169.93458557128906,46533800,163.87928553989954,163.5219942239531,6.682002139136813,60.92162136735071
2022-12-12,170.3699951171875,175.3800048828125,167.97000122070312,175.35000610351562,175.27224731445312,45732800,165.4635718209403,165.09906247456144,7.056092813022133,64.21933267659301
2022-12-13,185.30999755859372,187.8999938964844,177.11000061035156,180.72000122070312,180.63986206054688,65658900,166.91642870221818,167.18185430738035,7.69714816159086,67.21546822018851
2022-12-14,179.8699951171875,182.5200042724609,174.1999969482422,176.74000549316406,176.66162109375,49688800,167.7414289202009,168.45627446548485,7.794190178226046,63.00453613075304
2022-12-15,171.4600067138672,173.1999969482422,167.0,169.52000427246094,169.44482421875,47854200,168.22857230050224,168.598105106415,7.205443054813173,56.134229457306255
2022-12-16,168.63999938964844,170.41000366210938,164.10000610351562,165.7100067138672,165.6365203857422,47823200,168.76000104631697,168.21302532074196,6.358129200686619,52.858619155067615
2022-12-19,165.72000122070312,166.08999633789062,161.4499969482422,162.5399932861328,162.46791076660156,35403900,169.19928632463728,167.45662104946075,5.36894343811079,50.23217866287607
2022-12-20,160.63999938964844,163.10000610351562,158.52000427246094,160.85000610351562,160.77867126464844,40326000,168.60071563720703,166.57573905666808,4.397942014822831,48.83894169786639
2022-12-21,161.13999938964844,166.27000427246094,161.02000427246094,165.00999450683594,164.9368133544922,32502500,168.14785766601562,166.36697311669047,3.918917843396883,52.342937941870055
2022-12-22,160.94000244140625,161.3800048828125,148.82000732421875,153.38999938964844,153.3219757080078,56504500,167.0500008719308,164.63670995308485,2.572002795542261,43.40115866679033
2022-12-23,151.9600067138672,153.38999938964844,148.8300018310547,152.05999755859375,151.9925537109375,34932600,166.0471431187221,162.9598149671527,1.3813198878165451,42.50610689499067
2022-12-27,150.74000549316406,151.0,140.55999755859375,141.2100067138672,141.1473846435547,46490200,164.71428680419922,160.05984053338133,-0.4328192085600619,35.98615876596085
2022-12-28,139.27000427246094,142.6199951171875,138.83999633789062,140.36000061035156,140.29774475097656,35106600,163.22571563720703,157.4331952103107,-1.9170276004909963,35.526409040849586
2022-12-29,144.02000427246094,146.8300018310547,142.27000427246094,146.02999877929688,145.96524047851562,35492300,161.39285823277064,155.91276901950886,-2.605714918578116,40.946164075224125
2022-12-30,143.33999633789062,146.2899932861328,142.3300018310547,146.13999938964844,146.07518005371094,31049000,159.68785858154297,154.6097330688608,-3.1068150203154232,41.049697527420186
2023-01-03,148.50999450683594,149.9600067138672,140.9600067138672,143.14999389648438,143.0865020751953,40127700,157.38785770961218,153.08176784587727,-3.702528472466696,39.04583084111229
2023-01-04,145.6699981689453,148.52999877929688,142.41000366210938,147.49000549316406,147.4246063232422,43132400,155.0142865862165,152.33619953218218,-3.780849728149576,43.367284288356736
2023-01-05,144.91000366210938,145.63999938964844,141.47999572753906,142.64999389648438,142.5867156982422,38916800,152.57928575788225,151.04470544742247,-4.185223719908066,39.96445246362513
2023-01-06,144.74000549316406,150.10000610351562,140.33999633789062,148.58999633789062,148.5240936279297,40504400,151.08428519112724,150.7174108994849,-3.980499744109153,45.60548108899735
2023-01-09,152.83999633789062,160.55999755859375,151.41000366210938,156.27999877929688,156.210693359375,50423100,150.41071319580078,151.45908928345983,-3.1612941581247758,51.90585819666684
2023-01-10,155.07000732421875,159.6199951171875,154.72000122070312,159.08999633789062,159.01943969726562,38410100,150.1642848423549,152.47654355738393,-2.259280926162319,54.00243323833696
2023-01-11,158.39999389648438,160.27999877929688,155.6300048828125,160.00999450683594,159.9390106201172,35328500,150.10428401402064,153.48100368397752,-1.4534384440403585,54.69872990177662
2023-01-12,161.0,166.3699951171875,154.9199981689453,165.11000061035156,165.0367889404297,55140900,150.1114273071289,155.03153660749405,-0.3986788792024072,58.45333321268366
2023-01-13,162.77999877929688,169.22000122070312,161.64999389648438,168.99000549316406,168.91505432128906,44728700,151.22571345738,156.89266579225003,0.7417591053160777,61.095155637688784
2023-01-17,168.99000549316406,177.27999877929688,168.99000549316406,177.02000427246094,176.94149780273438,51110200,153.0085710797991,159.57631092294483,2.2673812567167886,65.92439665040723
2023-01-18,176.6699981689453,178.72999572753906,172.82000732421875,173.77000427246094,173.69293212890625,43962400,155.33428519112724,161.46880336954698,3.177570905173525,62.54070680384851
2023-01-19,170.36000061035156,171.97000122070312,167.30999755859375,167.64999389648438,167.57562255859375,45293200,157.283570425851,162.29296210647198,3.366264862944405,56.64471020205328
2023-01-20,170.11000061035156,178.55999755859375,168.25,178.38999938964844,178.31088256835938,56496700,159.5949990408761,164.43923374422883,4.332492591559202,63.20111971830827
2023-01-23,180.63999938964844,192.4499969482422,178.17999267578125,191.92999267578125,191.84487915039065,65516300,162.86571284702845,168.10466826843583,6.120248907840022,69.46951423074304
2023-01-24,188.2700042724609,194.9499969482422,188.1999969482422,192.6499938964844,192.5645446777344,49620400,166.40142713274275,171.37737835217564,7.508602256915651,69.76445780953384
2023-01-25,189.1300048828125,193.6999969482422,185.8000030517578,193.22999572753903,193.1443023681641,44953700,169.66856929234095,174.29106066889076,8.557043320270822,70.01575014040216
2023-01-26,197.00999450683597,201.66000366210935,192.77999877929688,198.0200042724609,197.93215942382807,48953500,173.62357003348214,177.45491981603345,9.663064284371645,72.07958502737709
2023-01-27,194.6199951171875,206.27999877929688,194.0500030517578,203.6499938964844,203.55967712402344,54214200,177.55642700195312,180.9475963600936,10.86860051645968,74.31717517216744
2023-01-30,199.5,201.3999938964844,191.5,191.6199951171875,191.53500366210935,48861100,180.0807124546596,182.37058286103945,10.729592242778978,62.7457768265502
2023-01-31,191.6999969482422,196.8699951171875,189.5,195.3699951171875,195.28335571289065,49801700,182.6721409388951,184.10383782852583,10.797553370319406,64.5963046272613
2023-02-01,196.91000366210935,211.9199981689453,196.1100006103516,209.42999267578125,209.3371124267578,66047700,186.20214080810547,187.48065847482653,11.849345473547205,70.51084602669974
2023-02-02,210.0,219.4900054931641,207.0,217.08999633789065,216.99371337890625,56427600,189.91499764578683,191.4285701899018,13.14941826281364,73.14326001919095
2023-02-03,210.0,217.4499969482422,207.88999938964844,211.0,210.9064178466797,42936600,192.91571153913225,194.03809416458157,13.532331215907874,67.94984437841813
2023-02-06,208.05999755859372,215.6999969482422,207.8600006103516,210.88999938964844,210.7964630126953,45219700,195.33499690464564,196.28501486125717,13.669344663621388,67.85612474767632
2023-02-07,213.82000732421875,222.58999633789065,211.5,221.72999572753903,221.63165283203125,66415000,198.7607105800084,199.6776789767614,14.485644426948085,71.9603683544938
2023-02-08,223.8699951171875,228.77999877929688,220.0800018310547,222.0500030517578,221.95152282714844,55965100,202.6464255196708,202.66065552009425,14.985644604398717,72.07372926013197
2023-02-09,226.05999755859372,230.1999969482422,221.1999969482422,223.3699951171875,223.2709197998047,52387600,205.85928235735213,205.4219007997067,15.311904570818513,72.56641462173724
2023-02-10,216.8999938964844,220.77999877929688,208.1100006103516,212.6499938964844,212.5556640625,55073700,207.3392824445452,206.38564654594373,14.537869922107632,62.8661849283759
2023-02-13,215.3800048828125,220.47999572753903,209.6199951171875,217.8800048828125,217.7833709716797,47491900,209.14142608642575,207.91822765752624,14.182967641575658,65.30304276009525
2023-02-14,215.77999877929688,230.4900054931641,213.66000366210935,229.7100067138672,229.60813903808597,67547400,211.7471411568778,210.8237981983717,14.686984888176596,70.08510286545172
2023-02-15,225.4900054931641,228.5500030517578,221.05999755859372,227.63999938964844,227.5390472412109,42057500,213.86285509381972,213.0659583572086,14.749368358787478,68.31097117755289
2023-02-16,221.3300018310547,225.5,219.2700042724609,220.0200042724609,219.92242431640625,41202600,215.03214154924663,213.99316447924224,14.022297469048482,62.08099610693197
2023-02-17,216.30999755859372,217.3999938964844,209.75,213.8800048828125,213.78515625,46588800,216.6221422467913,213.9780765330516,12.803056251200672,57.52823155490029
2023-02-21,210.0,214.94000244140625,206.17999267578125,206.5500030517578,206.45838928222656,41001500,217.42071424211773,212.9876667355458,11.117177017062543,52.57158424582653
2023-02-22,207.07000732421875,211.0399932861328,204.2100067138672,207.5399932861328,207.4479522705078,51318400,217.28571428571428,212.26131027562408,9.748613567222831,53.15859815069507
2023-02-23,234.3999938964844,238.8800048828125,230.25,236.63999938964844,236.53504943847656,111799500,218.6821430751256,215.511802157494,10.886649943073593,66.3445617722868
2023-02-24,232.25,234.7400054931641,229.47000122070312,232.8600006103516,232.75672912597656,58971600,220.24357169015067,217.82489528454164,11.352671133291151,63.83095914024866
2023-02-27,236.6999969482422,238.8000030517578,234.5399932861328,235.00999450683597,234.90577697753903,45299400,221.96642848423548,220.1162418475142,11.75992176542286,64.6513011935761
2023-02-28,233.72000122070312,238.25,232.05999755859372,232.16000366210935,232.0570373535156,45596300,222.7114290509905,221.72207675612688,11.717626874033073,62.62367698236684
2023-03-01,231.9199981689453,232.55999755859372,225.0800018310547,226.97999572753903,226.87933349609372,46002600,223.0635713849749,222.42313261898184,11.13773563529719,59.00169465102118
2023-03-02,224.8800048828125,233.8000030517578,224.32000732421875,233.13999938964844,233.03659057617188,38941500,223.7614288330078,223.85204818840407,11.047875434002322,61.82902312447703
2023-03-03,233.1999969482422,239.0,231.3000030517578,238.8999938964844,238.7940368652344,41239300,225.6364288330078,225.85844094948143,11.311057169327997,64.3076507051079
2023-03-06,238.91000366210935,242.47999572753903,234.8699951171875,235.5399932861328,235.4355316162109,43742900,226.89785657610213,227.14931459436832,11.120318512482951,61.78719843522165
2023-03-07,236.0,241.25,232.41000366210935,232.8800048828125,232.81625366210935,51515400,227.12428501674108,227.9134066328276,10.63195931027417,59.78934021597634
2023-03-08,234.8699951171875,242.0,234.2400054931641,241.80999755859372,241.74380493164065,51357300,228.13642774309432,229.7662854229297,10.840543860340745,63.998043479849
2023-03-09,241.75,244.5399932861328,233.8300018310547,234.3600006103516,234.2958526611328,50125700,229.1607131958008,230.37878078125263,10.286124091896768,58.49717019737773
2023-03-10,234.08999633789065,236.2700042724609,227.25999450683597,229.6499938964844,229.58712768554688,47486600,230.2871409824916,230.28160919661684,9.358801810762998,55.26309395586051
2023-03-13,227.5200042724609,232.97999572753903,222.97000122070312,229.66000366210935,229.59713745117188,42189000,231.93785531180245,230.19872845868247,8.526412747750612,55.2687539171228
2023-03-14,234.9600067138672,242.19000244140625,234.6000061035156,240.6300048828125,240.5641326904297,47491000,234.3014275687081,231.5895653152332,8.652188790087592,61.08021572775206
2023-03-15,237.6100006103516,242.8600006103516,233.6000061035156,242.27999877929688,242.2136688232422,52448600,234.70428466796875,233.01495644377505,8.783754276081567,61.88237493148987
2023-03-16,240.2700042724609,255.8800048828125,238.94000244140625,255.41000366210935,255.340087890625,58325300,236.31499917166573,236.00096273955293,9.83414068138856,67.6043289125521
2023-03-17,259.82000732421875,263.989990234375,256.67999267578125,257.25,257.1795959472656,84854700,237.90357099260603,238.83416770761252,10.69180334861028,68.32197993945076
2023-03-20,256.1499938964844,260.239990234375,251.3000030517578,259.0,258.9291076660156,43274700,239.82071358816964,241.52294534659757,11.381518505566165,69.02480328074583
2023-03-21,261.79998779296875,263.9200134277344,253.80999755859372,261.989990234375,261.91827392578125,54740800,242.32142748151503,244.2518846649679,12.030707453438282,70.23970671094278
2023-03-22,264.25,275.8900146484375,262.3699951171875,264.67999267578125,264.6075744628906,79729500,244.57428414481024,246.975632399743,12.616816283097677,71.32922543593627
2023-03-23,271.1499938964844,274.989990234375,266.8999938964844,271.9100036621094,271.8355712890625,56488900,246.93214198521204,250.3002152347252,13.508989988628002,74.07627138921846
2023-03-24,270.3099975585937,271.6700134277344,263.54998779296875,267.7900085449219,267.7167053222656,45492000,249.23571450369695,252.63218767608475,13.725377298556964,69.96255284930265
2023-03-27,268.3699951171875,270.0,263.6499938964844,265.3099975585937,265.23736572265625,36102600,251.55214255196708,254.322562327086,13.540661325391852,67.53145113956843
2023-03-28,264.4700012207031,265.1300048828125,258.5,264.1000061035156,264.0277099609375,35610400,253.1442860194615,255.6262214972766,13.145107767944069,66.32057657663387
2023-03-29,268.25,270.7799987792969,265.9700012207031,269.8399963378906,269.7661437988281,39369400,255.67857142857144,257.52139147602514,13.143290295558302,69.1468019696373
2023-03-30,272.2900085449219,274.989990234375,271.0199890136719,273.8299865722656,273.7550354003906,36451600,258.8342851911272,259.69587082219056,13.31037508323402,70.97039781123753
2023-03-31,271.3999938964844,278.3399963378906,271.04998779296875,277.7699890136719,277.6939392089844,43393300,262.27071271623885,262.1057532477214,13.603898971089478,72.68713942978192
2023-04-03,275.0899963378906,280.0,273.3599853515625,279.6499938964844,279.5734558105469,39871600,265.057854788644,264.44498533422313,13.8288095408748,73.4926609618739
2023-04-04,279.6600036621094,280.0,273.07000732421875,274.5299987792969,274.454833984375,36859200,267.3614262172154,265.7896537935663,13.438995595707295,67.641792593347
2023-04-05,268.2900085449219,269.9800109863281,263.95001220703125,268.8099975585937,268.7364196777344,51501500,268.31856863839283,266.19236629557,12.524138468973431,61.72919618599248
2023-04-06,265.8399963378906,270.79998779296875,264.2699890136719,270.3699951171875,270.29595947265625,39765400,269.2557111467634,266.7493834717857,11.789089089807987,62.6871273305239
2023-04-10,268.2300109863281,276.2099914550781,266.69000244140625,275.7900085449219,275.71453857421875,39527900,270.45499747140065,267.95480014820384,11.511212851479913,65.88238913574173
2023-04-11,277.239990234375,277.8999938964844,271.260009765625,271.69000244140625,271.6156311035156,31437800,271.14785548618863,268.45282712063084,10.835255621153408,61.58604647810379
2023-04-12,273.70001220703125,274.67999267578125,264.4800109863281,264.95001220703125,264.87750244140625,44625900,271.16714259556363,267.9857851321509,9.644517765350315,55.21190431040727
2023-04-13,267.3399963378906,268.8699951171875,263.2900085449219,264.6300048828125,264.5575866699219,35361500,270.6471426827567,267.53834776557244,8.576166806702531,54.92125772240748
2023-04-14,265.0400085449219,268.8299865722656,262.20001220703125,267.5799865722656,267.5067443847656,39566000,270.63214111328125,267.5438996064649,7.876731782342802,57.1601075281905
2023-04-17,265.6499938964844,270.0599975585937,264.3299865722656,270.0199890136719,269.946044921875,32147100,270.96856907435824,267.8740448607592,7.433622122887186,58.97502594737848
2023-04-18,275.3299865722656,281.1000061035156,273.57000732421875,276.6700134277344,276.5942687988281,60481200,271.86642674037387,269.04684066968923,7.532229070898268,63.51209442133583
2023-04-19,273.6099853515625,280.0,272.32000732421875,279.3099975585937,279.2335205078125,35866000,272.5428553989955,270.41526158820983,7.734244883102065,65.15940447284214
2023-04-20,276.7099914550781,280.29998779296875,270.0,271.0400085449219,270.9657897949219,42771300,272.3435712541853,270.4985611824381,7.144665613702728,56.54700234023027
2023-04-21,269.5199890136719,271.8299865722656,267.2200012207031,271.19000244140625,271.1157531738281,34510300,271.8735722133092,270.59075335030053,6.613289168010226,56.65889472081064
2023-04-24,270.1300048828125,273.6600036621094,266.7099914550781,270.4200134277344,270.3459777832031,33928200,271.2142878941127,270.56798802729173,6.060179847154643,55.86364113573592
2023-04-25,270.7799987792969,272.4700012207031,262.25,262.4100036621094,262.3381652832031,37852700,270.34857395717074,269.4802567786008,4.918795072050955,48.2730518404235
2023-04-26,270.0199890136719,273.29998779296875,267.04998779296875,269.5599975585937,269.4862060546875,40633700,270.4021453857422,269.49088888259985,4.538862979913688,54.24896754213616
2023-04-27,273.6300048828125,274.95001220703125,266.25,272.260009765625,272.1854858398437,37716100,270.5371464320592,269.86010500033655,4.4048560412798,56.30199138119914
2023-04-28,272.25,277.5799865722656,270.7099914550781,277.489990234375,277.4140319824219,29168700,270.65857369559154,270.87742303154164,4.666873479557694,60.042340634150605
2023-05-01,278.3999938964844,290.5799865722656,277.79998779296875,289.1000061035156,289.0208740234375,57032900,271.9021453857422,273.3071007744715,5.745129166008269,66.82991400625946
2023-05-02,286.79998779296875,288.3599853515625,280.8299865722656,282.1000061035156,282.0227966308594,40273000,273.1271449497768,274.4794881516774,5.966040268885308,60.19101483643114
2023-05-03,278.3999938964844,283.6700134277344,274.7200012207031,278.0199890136719,277.9438781738281,38338700,274.0835723876953,274.95155493327667,5.74565825663467,56.65807983028581
2023-05-04,276.510009765625,278.5899963378906,272.3999938964844,275.6199951171875,275.5445251464844,32185000,274.6578587123326,275.0406802911315,5.316064195389629,54.62692254198764
2023-05-05,278.260009765625,287.54998779296875,277.3099975585937,286.79998779296875,286.72149658203125,36101400,275.85643005371094,276.6085879580432,5.810756991110225,61.54317982000022
2023-05-08,285.2200012207031,292.20001220703125,283.5,291.510009765625,291.4302062988281,34497900,276.9164297921317,278.59544419905404,6.507845612458084,64.03072343582122
2023-05-09,288.989990234375,289.7300109863281,284.5,285.7099914550781,285.6317749023437,31486900,277.3735722133092,279.54405049985724,6.5171546601091,58.97207115143792
2023-05-10,290.04998779296875,291.1300048828125,284.6099853515625,288.8500061035156,288.7709350585937,36935000,278.64571489606584,280.784844580345,6.700664003755378,60.77864614049628
2023-05-11,288.9599914550781,289.5,282.4599914550781,285.7799987792969,285.7017822265625,32214900,279.6878574916295,281.4508651402053,6.523177418027728,58.08563848430329
2023-05-12,285.2900085449219,287.79998779296875,280.4599914550781,283.3999938964844,283.3224182128906,27402700,280.614998953683,281.7107489743758,6.11992483265459,56.013575364782106
2023-05-15,285.0799865722656,289.69000244140625,281.5199890136719,289.5299987792969,289.45074462890625,29392600,282.5521414620536,282.753315615032,6.223246702769984,59.97401914204839
2023-05-16,288.4100036621094,298.70001220703125,288.32000732421875,292.1300048828125,292.050048828125,44940500,284.1642848423549,284.00354085073604,6.440684589861462,61.55512823718667
2023-05-17,295.8399963378906,301.989990234375,294.29998779296875,301.7799987792969,301.6974182128906,43253500,286.27285548618863,286.3737352412108,7.307443876734055,66.79750185343933
2023-05-18,304.1000061035156,318.2799987792969,303.20001220703125,316.7799987792969,316.6932983398437,74872500,289.07928466796875,290.4279037129556,9.099834270987683,72.9679584605521
2023-05-19,315.3599853515625,315.79998779296875,309.1600036621094,312.6400146484375,312.5544128417969,47312400,290.76071384974887,293.3895185043532,10.070171780023884,69.14833652256408
2023-05-22,309.010009765625,315.20001220703125,306.79998779296875,311.760009765625,311.6746826171875,37200000,292.8792855398996,295.83891733918944,10.64544810807547,68.32955531410445
2023-05-23,310.0,312.8800048828125,306.3099975585937,306.8800048828125,306.7959899902344,35625300,294.94071524483815,297.31106234500584,10.58555939315562,63.81680752168327
2023-05-24,302.1000061035156,306.07000732421875,298.0599975585937,305.3800048828125,305.2964172363281,72141900,297.0664302280971,298.38692135004675,10.298346760176798,62.45149832294236
2023-05-25,385.2300109863281,394.7999877929688,366.3500061035156,379.7999877929688,379.6960144042969,154391100,303.70928737095426,309.2419968757697,15.892599353836316,82.4792376671007
2023-05-26,378.8999938964844,391.7000122070313,375.5,389.4599914550781,389.3533630371094,71439700,310.7057146344866,319.9377294863441,20.865047126998945,83.69495791866396
2023-05-30,405.9500122070313,419.3800048828125,399.489990234375,401.1099853515625,401.0001831054688,92340100,318.94857134137834,330.76069693504,25.45240546948696,85.04287126793487
2023-05-31,394.8800048828125,402.9500122070313,378.2200012207031,378.3399963378906,378.2364196777344,100258000,325.34071350097656,337.10460352208673,26.9400243581577,72.43824985220161
2023-06-01,384.8900146484375,400.5,383.3999938964844,397.7000122070313,397.5911560058594,63587300,333.3350001743861,345.18399134674604,29.342917638179813,75.73175157272101
2023-06-02,400.9700012207031,405.0,390.5799865722656,393.2699890136719,393.162353515625,48165500,341.18285696847096,351.5954577023362,30.537741945984124,73.56549332488653
2023-06-05,389.0899963378906,395.6499938964844,387.0700073242188,391.7099914550781,391.602783203125,39609400,348.48142787388394,356.9440622027018,31.00140515174371,72.77604576885592
2023-06-06,388.2999877929688,391.6000061035156,381.4800109863281,386.5400085449219,386.4342041015625,38872900,355.2249995640346,360.8901883816645,30.598961389614143,70.09153841866694
2023-06-07,389.1499938964844,394.989990234375,373.55999755859375,374.75,374.6861572265625,51199800,360.4371425083705,362.7381632641092,28.994436832913664,64.26930710062203
2023-06-08,377.239990234375,388.6400146484375,375.0499877929688,385.1000061035156,385.0344543457031,41777200,365.317143031529,365.71974230936337,28.23255127870891,66.87092961735459
2023-06-09,390.3699951171875,397.1099853515625,385.6700134277344,387.7000122070313,387.6340026855469,42722000,370.6785714285714,368.6504449623857,27.521301815396328,67.51089869165006
2023-06-12,392.0,395.2999877929688,386.1799926757813,394.8200073242188,394.7527770996094,38870100,376.6114283970424,372.1397199439635,27.21839883422456,69.26201557811723
2023-06-13,401.8599853515625,411.010009765625,397.3999938964844,410.2200012207031,410.150146484375,61320800,383.99285670689176,377.2170907808621,27.899390042037737,72.69060199929712
2023-06-14,408.239990234375,430.0,405.5199890136719,429.9700012207031,429.8967590332031,74046500,392.8921421595982,384.25081217284094,29.69048697075709,76.33610295497638
2023-06-15,426.0199890136719,432.8900146484375,421.4700012207031,426.5299987792969,426.4573669433594,56862200,396.2300000871931,389.88803705370174,30.480998763222654,74.47139462551897
2023-06-16,434.5,437.2099914550781,426.6099853515625,426.9200134277344,426.8473205566406,65475500,398.9057159423828,394.8256339035728,30.784096079551432,74.54730855811731
2023-06-20,429.9800109863281,439.8999938964844,426.739990234375,438.0799865722656,438.0054016113281,45115300,401.5464303152902,400.5928809260652,31.56100384513286,76.68388079593527
2023-06-21,435.010009765625,436.1499938964844,420.7999877929688,430.4500122070313,430.376708984375,55160300,405.2685743059431,404.5738317635273,31.201363782249075,72.22025771268056
2023-06-22,422.5299987792969,434.260009765625,422.3399963378906,430.25,430.1767578125,41773700,407.5935734340123,407.9973208617237,30.548068015243643,72.10177704125849
2023-06-23,424.6400146484375,428.0899963378906,420.1499938964844,422.0899963378906,422.0181274414063,35632300,409.6521453857422,409.876344258546,29.03716000804553,67.2541823122659
2023-06-26,424.6099853515625,427.6400146484375,401.0,406.3200073242188,406.2508239746094,59432200,410.69571794782365,409.4021660006357,26.264487545383247,58.9985991529398
2023-06-27,407.989990234375,419.3999938964844,404.4800109863281,418.760009765625,418.688720703125,46217500,412.9971466064453,410.6498785026343,24.785220283120225,62.87047651817092
2023-06-28,406.6000061035156,418.4500122070313,405.1799926757813,411.1700134277344,411.1000061035156,58263900,415.5985761369978,410.71922982598096,22.73832775971357,59.19738933446911
2023-06-29,415.5799865722656,416.0,406.0,408.2200012207031,408.1504821777344,38051400,417.2500043596541,410.3859993452773,20.64018218486291,57.78432651071218
2023-06-30,416.7999877929688,425.5,415.010009765625,423.0199890136719,422.9479370117188,50053400,419.7728598458426,412.0705313010632,19.941745992212645,62.60683862873377
2023-07-03,425.1700134277344,428.9800109863281,422.0199890136719,424.1300048828125,424.0577697753906,19820900,421.8664311000279,413.6784611119631,19.255830058845905,62.94870432055757
2023-07-05,421.3500061035156,431.7699890136719,420.8500061035156,423.1700134277344,423.0979614257813,32361800,422.79143197195873,414.9440014207326,18.422411361827585,62.41721980182471
2023-07-06,418.4400024414063,421.7900085449219,413.4599914550781,421.0299987792969,420.9583129882813,30358200,422.15286036900113,415.75546773520784,17.3887925661478,61.177203187461885
2023-07-07,423.2200012207031,432.1400146484375,421.7999877929688,425.0299987792969,424.9576416015625,35525300,422.04571751185824,416.99207187441976,16.6999027112289,62.67002744326974
2023-07-10,426.5700073242188,428.1099853515625,416.489990234375,421.7999877929688,421.7281494140625,35390800,421.6800013950893,417.63312733022633,15.712197216742313,60.64222481457734
2023-07-11,424.80999755859375,427.5799865722656,420.6700134277344,424.0499877929688,423.9777526855469,29824400,420.6778586251395,418.4887087252586,14.938784681554864,61.57492847962596
2023-07-12,430.3299865722656,439.3500061035156,427.7699890136719,439.0199890136719,438.9452209472656,48127700,421.28999982561385,421.2262127637137,15.356780260691435,67.15243760964117
2023-07-13,445.1799926757813,461.5499877929688,444.9200134277344,459.7699890136719,459.6917114257813,47820400,423.3985704694475,426.3653829303749,17.164534286958656,73.00216350847097
2023-07-14,465.8299865722656,480.8800048828125,450.6000061035156,454.6900024414063,454.6125793457031,77066400,425.7271423339844,430.1419988651791,17.98001746659463,69.72822781530391
2023-07-17,462.8900146484375,464.9599914550781,452.6199951171875,464.6099853515625,464.5308837890625,51048800,429.89071219308033,434.73773039669686,19.205365973768096,72.33716785545063
2023-07-18,467.010009765625,478.9599914550781,457.3399963378906,474.9400024414063,474.859130859375,57019000,433.90356881277904,440.0980333359914,20.77057923329301,74.77514551018366
2023-07-19,474.6400146484375,478.1799926757813,467.4200134277344,470.7699890136719,470.6898193359375,42750200,438.1607099260603,444.18762742634885,21.42753351665374,72.01594758011422
2023-07-20,465.0700073242188,470.8699951171875,450.6199951171875,455.2000122070313,455.12249755859375,53786500,441.5164249965123,445.6559453971065,20.456003440504617,62.71117575602598
2023-07-21,457.8800048828125,458.6600036621094,441.0,443.0899963378906,443.0145568847656,96283200,442.9499969482422,445.3138188558777,18.495675152644253,56.58715902240948
2023-07-24,447.30999755859375,451.0899963378906,440.3999938964844,446.1199951171875,446.0440368652344,38251600,444.5207105364119,445.42130902405233,16.990737790958065,57.700202523266015
2023-07-25,449.4100036621094,461.8299865722656,449.2300109863281,456.7900085449219,456.7122192382813,34808100,446.9221387590681,446.93713562683496,16.469198333262966,61.44856573341293
2023-07-26,460.2099914550781,460.5299987792969,446.2999877929688,454.5199890136719,454.4425964355469,36423700,449.3142809186663,447.9481827450799,15.691817447011717,60.22582205409899
2023-07-27,465.1900024414063,473.9500122070313,457.5,459.0,458.9218444824219,45597600,451.74070957728793,449.4217583790692,15.261314011427771,61.8396962134028
2023-07-28,466.6799926757813,470.2699890136719,463.80999755859375,467.5,467.4203796386719,33119400,455.0049961635045,451.8321905951933,15.42816956461496,64.76124747760063
2023-07-31,467.5400085449219,471.2999877929688,465.05999755859375,467.2900085449219,467.21044921875,25105500,458.09356907435824,453.89323298849047,15.366325798591674,64.62960363189168
2023-08-01,464.6000061035156,469.0,460.2699890136719,465.0700073242188,464.9908142089844,23785800,459.9542846679688,455.3834695665876,14.965663767165893,63.16770675187559
2023-08-02,458.30999755859375,458.3999938964844,433.8699951171875,442.6900024414063,442.6146240234375,53014200,458.7342856270926,453.6910072832301,12.695906358534842,50.71385898813082
2023-08-03,438.0,451.1799926757813,438.0,445.1499938964844,445.0741882324219,32417600,458.0528564453125,452.5522054983307,10.969162335556176,51.83787421521176
2023-08-04,449.8500061035156,456.4200134277344,443.9299926757813,446.7999877929688,446.7239074707031,36225800,456.7807137625558,451.7852431376158,9.622918955043986,52.618405780619774
2023-08-07,451.1099853515625,455.3999938964844,445.6300048828125,454.1700134277344,454.0926818847656,32215400,455.2971431187221,452.1032125096316,9.04642924653234,56.04501298473043
2023-08-08,448.5299987792969,452.4200134277344,440.55999755859375,446.6400146484375,446.5639343261719,35384300,453.5735735212053,451.3747861281391,7.890986646398005,51.91406010772204
2023-08-09,442.739990234375,443.1199951171875,421.3399963378906,425.5400085449219,425.467529296875,58644900,451.4550018310547,447.9301491170434,5.212608206167317,42.46805819698238
2023-08-10,421.6000061035156,435.739990234375,418.3500061035156,423.8800048828125,423.8078308105469,49270500,450.0828595842634,444.723463219146,2.922338672186811,41.8233064227829
2023-08-11,417.510009765625,420.1799926757813,406.3900146484375,408.5499877929688,408.48040771484375,53200900,447.3992876325335,439.9003331623224,-0.1282423963289147,36.33680872724659
2023-08-14,404.8599853515625,438.0,403.1099853515625,437.5299987792969,437.45550537109375,69028600,446.02357264927457,439.584288577919,-0.2050415890335557,49.75539746351407
2023-08-15,445.6000061035156,452.6799926757813,437.1000061035156,439.3999938964844,439.3251647949219,67651200,444.9435729980469,439.5597159537277,-0.1137018407611094,50.480700573413706
2023-08-16,445.2000122070313,446.75,434.05999755859375,434.8599853515625,434.7859191894531,52745100,443.2192862374442,438.9330852067724,-0.403009536259276,48.64472557302014
2023-08-17,439.7000122070313,440.6199951171875,430.010009765625,433.4400024414063,433.3661804199219,45239500,440.7864292689732,438.20067417139023,-0.7383573983713632,48.05601708984617
2023-08-18,426.3500061035156,435.7799987792969,416.6000061035156,432.989990234375,432.916259765625,58262200,438.336427961077,437.50591631312153,-1.0285784077280482,47.858343767513695
2023-08-21,444.9400024414063,470.6499938964844,442.2200012207031,469.6700134277344,469.5900268554688,69257300,438.66499982561385,441.7944625950699,1.6818038870636656,61.69066092135639
2023-08-22,481.3500061035156,481.8699951171875,453.3299865722656,456.6799926757813,456.6022033691406,75720700,439.6642848423549,443.7791999391648,2.749915951065873,56.0225550364755
2023-08-23,458.6600036621094,472.0,452.0799865722656,471.1600036621094,471.0797729492188,77904600,441.5221426827567,447.4299737688907,4.710518405235462,60.39126518794257
2023-08-24,502.1600036621094,502.6600036621094,471.5899963378906,471.6300048828125,471.5496826171875,115604400,443.2957153320313,450.6566445840803,6.23041480254426,60.528329227010246
2023-08-25,470.1199951171875,478.0499877929688,450.239990234375,460.1799926757813,460.10162353515625,92534100,443.7249995640346,451.9264243296405,6.436823657965533,55.49050639228184
2023-08-28,464.8200073242188,469.7999877929688,448.8800048828125,468.3500061035156,468.270263671875,68519200,445.2757132393973,454.11623523282384,7.176924844818984,58.16606475166738
2023-08-29,466.6600036621094,490.80999755859375,463.9100036621094,487.8399963378906,487.7569274902344,70139700,449.72571236746654,458.6127367134994,9.229744940454054,63.762299690387074
2023-08-30,490.4400024414063,499.2699890136719,484.25,492.6400146484375,492.5561218261719,73520600,454.6371416364397,463.1497071048245,11.115804938269264,65.00395801210566
2023-08-31,493.7999877929688,497.4400024414063,489.5799865722656,493.5499877929688,493.4659423828125,52857000,460.7085702078683,467.2030778632437,12.539401883263508,65.24706827138489
2023-09-01,497.6199951171875,498.0,481.4200134277344,485.0899963378906,485.0074157714844,46319100,464.105712890625,469.58800032653,12.836985335110173,61.0041033792985
2023-09-05,482.2300109863281,488.510009765625,478.6000061035156,485.4800109863281,485.3973693847656,38265300,467.3971426827567,471.7069350811698,12.954956611673254,61.129597434182486
2023-09-06,484.4100036621094,485.489990234375,465.7999877929688,470.6099853515625,470.568603515625,46867000,469.9507141113281,471.56067511722216,11.71353654567531,53.99494492166953
2023-09-07,455.25,463.4400024414063,451.5199890136719,462.4100036621094,462.3693542480469,43333000,472.0199999128069,470.3405855898738,9.95329679742224,50.495042915993615
2023-09-08,459.4200134277344,466.05999755859375,452.7099914550781,455.7200012207031,455.679931640625,47306900,473.64357212611606,468.3911743406511,7.927088289391861,47.77425445227835
2023-09-11,461.4800109863281,461.6300048828125,443.1199951171875,451.7799987792969,451.7402648925781,47396600,472.365713936942,466.17635093247054,5.934963613536354,46.19554916246232
2023-09-12,447.3800048828125,456.7300109863281,445.30999755859375,448.7000122070313,448.6605529785156,34925600,471.7957153320313,463.8461724357453,4.060850324824514,44.945210724895325
2023-09-13,446.0,459.2999877929688,445.0299987792969,454.8500061035156,454.8100280761719,39835500,470.6307155064174,462.646683591448,3.036848254757615,47.97327099547077
2023-09-14,459.5,459.8699951171875,451.30999755859375,455.80999755859375,455.7699279785156,37009700,469.5007149832589,461.7351254537341,2.2765399882469524,48.44989545607599
2023-09-15,453.4100036621094,455.989990234375,438.0799865722656,439.0,438.9613952636719,50571300,467.9878583635603,458.7037753932362,0.3139449315972342,41.312829478575
2023-09-18,427.4800109863281,442.4200134277344,420.0,439.6600036621094,439.621337890625,50027100,465.9385724748884,456.1646058290861,-1.1746286232916532,41.67610552386813
2023-09-19,438.3299865722656,439.6600036621094,430.0199890136719,435.2000122070313,435.1617431640625,37306400,462.1785736083984,453.3693266794788,-2.68328666842973,39.87964674250352
2023-09-20,436.0,439.0299987792969,422.2300109863281,422.3900146484375,422.3528747558594,36710800,457.16071646554127,449.2387517420066,-4.8565850940134965,35.188008478076924
2023-09-21,415.8299865722656,421.0,409.7999877929688,410.1700134277344,410.1339416503906,44893000,451.2050040108817,444.029586633437,-7.478780993840132,31.393778177030327
2023-09-22,415.7200012207031,421.1499938964844,412.30999755859375,416.1000061035156,416.06341552734375,47923600,446.2771475655692,440.3056425627808,-8.974931858669493,35.05353403997249
2023-09-25,415.9100036621094,425.3599853515625,411.7699890136719,422.2200012207031,422.1828918457031,41909100,441.7585754394531,437.89422371717046,-9.556646665256778,38.688593294359336
2023-09-26,420.010009765625,428.2000122070313,416.5499877929688,419.1099853515625,419.0731506347656,40228200,438.0800040108817,435.3896586017561,-10.151590908807805,37.53876712570313
2023-09-27,423.2999877929688,428.7200012207031,416.2900085449219,424.6799926757813,424.6426696777344,44493500,435.385003226144,433.9617031449594,-10.057696601865246,40.925103261179146
2023-09-28,424.6000061035156,434.4599914550781,421.1499938964844,430.8900146484375,430.8521423339844,42466300,433.6114327566965,433.55214467875646,-9.37412869288795,44.53551358723632
2023-09-29,438.2699890136719,441.4400024414063,433.0700073242188,434.989990234375,434.9517517089844,39722100,432.4121464320592,433.7438574195056,-8.404678532926255,46.845280925730286
2023-10-02,440.2999877929688,451.75,438.6099853515625,447.8200073242188,447.7806396484375,43329800,432.3492889404297,435.6206774068007,-6.525880850200338,53.38698748457904
2023-10-03,448.0799865722656,451.2999877929688,432.4599914550781,435.1700134277344,435.1317443847656,47085000,430.94357517787387,435.5605888762586,-5.988635673422891,47.216860484973175
2023-10-04,437.4200134277344,441.4299926757813,432.9200134277344,440.4100036621094,440.3712768554688,36182100,429.8435756138393,436.207177514372,-5.081465608266228,49.80475240015679
2023-10-05,440.5,449.0,438.8800048828125,446.8800048828125,446.8407287597656,39348300,430.4064331054688,437.6302211634974,-3.796685937238294,52.87690836381717
2023-10-06,441.9299926757813,457.8900146484375,440.260009765625,457.6199951171875,457.5797729492188,43339700,431.6892896379744,440.29552435732273,-1.890073743950154,57.52426275627914
2023-10-09,448.4200134277344,456.0499877929688,443.6799926757813,452.7300109863281,452.6902160644531,40967500,432.9414324079241,441.9534559078568,-0.764834164274987,54.87086668095188
2023-10-10,453.1000061035156,462.5899963378906,450.8800048828125,457.9800109863281,457.9397583007813,36858200,435.4835750034877,444.0903299183197,0.5442832746645081,57.15583029632168
2023-10-11,461.9599914550781,468.5899963378906,460.5,468.05999755859375,468.0188598632813,37813700,439.6185738699777,447.2862856036896,2.3678439203430344,61.21613575769512
2023-10-12,467.7699890136719,476.0899963378906,463.2999877929688,469.4500122070313,469.4087524414063,48132500,443.4292885916574,450.2414491508018,3.880459909050956,61.75439637232566
2023-10-13,469.6000061035156,471.1600036621094,452.7999877929688,454.6099853515625,454.5700073242188,47411500,445.7428588867188,450.82392064423664,3.8375163344222183,53.25645429009226
2023-10-16,450.6300048828125,462.25,449.1199951171875,460.9500122070313,460.9094848632813,37509900,448.73143223353793,452.1740661859426,4.2658958318369855,56.03967636820487
2023-10-17,440.0,447.5400085449219,424.7999877929688,439.3800048828125,439.3413696289063,81233300,449.7814331054688,450.46819134552527,2.832222251733185,46.00363892690532
2023-10-18,425.9100036621094,432.1900024414063,418.25,421.9599914550781,421.9228820800781,62729400,449.1435743059431,446.667098026799,0.2870669824680476,39.80387831755676
2023-10-19,428.1099853515625,432.9700012207031,418.8200073242188,421.010009765625,420.9729919433594,50123300,448.14500427246094,443.2461529253092,-1.786053969903605,39.49131660357565
2023-10-20,418.8999938964844,424.7000122070313,410.7799987792969,413.8699951171875,413.8336181640625,47638100,445.7200034005301,439.3293318842263,-3.9595139590171584,37.13127937018972
2023-10-23,412.2900085449219,432.4800109863281,409.4500122070313,429.75,429.7122192382813,47853000,445.3328595842634,438.0520876329961,-4.350463544348713,45.00336122926804
2023-10-24,430.7699890136719,436.9700012207031,426.9100036621094,436.6300048828125,436.5916137695313,40146300,445.06285967145647,437.8624765996383,-4.058352846542562,48.03903425351771
2023-10-25,433.9800109863281,436.5,415.5499877929688,417.7900085449219,417.7532653808594,39837900,442.98500279017856,435.1861475256761,-5.286147844200912,41.31402211634221
2023-10-26,418.5299987792969,422.55999755859375,398.7999877929688,403.260009765625,403.22454833984375,54100100,439.1021466936384,430.9293291576693,-7.346942712575696,37.01077371786115
2023-10-27,411.2999877929688,412.05999755859375,400.1499938964844,405.0,404.9643859863281,41678400,435.692860194615,427.4720852699801,-8.738997104000987,37.8456770503741
2023-10-30,410.8699951171875,417.6600036621094,404.80999755859375,411.6099853515625,411.5737915039063,38802800,432.3807155064174,425.3571386141911,-9.202756019619756,41.042700858257824
2023-10-31,404.5,408.7900085449219,392.2999877929688,407.7999877929688,407.7641296386719,51796900,428.0764290945871,423.0161851713615,-9.765156616079366,39.77280066945122
2023-11-01,408.8399963378906,423.80999755859375,408.6900024414063,423.25,423.2127990722656,43759300,424.77642822265625,423.0473604818466,-8.86202042167821,46.94203909417897
2023-11-02,433.2799987792969,438.8399963378906,428.9400024414063,435.05999755859375,435.0217590332031,40917200,423.38000052315846,424.6490454254129,-7.111335331115072,51.67723345935968
2023-11-03,440.2000122070313,453.0899963378906,437.2300109863281,450.0499877929688,450.0104064941406,42385500,422.60142735072543,428.0358377410871,-4.462892402933278,56.93118866729386
2023-11-06,452.8500061035156,459.3500061035156,448.989990234375,457.510009765625,457.46978759765625,40073300,423.8964276994978,431.9657273443588,-1.7419408641978862,59.30269179064052
2023-11-07,457.1900024414063,462.1799926757813,451.5799865722656,459.5499877929688,459.5095825195313,34316500,426.5814274379185,435.6436287375068,0.5724432422825316,59.95208948665839
2023-11-08,461.0,468.6700134277344,459.6799926757813,465.739990234375,465.6990356445313,34671900,429.77642604282926,439.6564769370892,2.8729729422038304,61.93681389491222
2023-11-09,474.6700134277344,482.2999877929688,467.5,469.5,469.4587097167969,54049600,433.749997820173,443.6356133454773,4.942585617836414,63.1320459242237
2023-11-10,475.0,484.7200012207031,472.8299865722656,483.3500061035156,483.3075256347656,42124500,437.5785696847098,448.9308657132158,7.612595060075876,67.2157813459841
2023-11-13,483.2000122070313,491.1600036621094,480.989990234375,486.2000122070313,486.1572570800781,38413600,441.1192844935826,453.9000852457245,9.845080493904902,68.00123803705999
2023-11-14,496.7999877929688,498.3399963378906,490.3999938964844,496.55999755859375,496.5163269042969,41695400,446.74571228027344,459.5880735541072,12.308421696671587,70.74505263175126
2023-11-15,499.3500061035156,499.6000061035156,482.0,488.8800048828125,488.8370361328125,47549700,452.8614262172154,463.4936643979346,13.485473973173724,66.21245053357764
2023-11-16,486.7900085449219,495.25,483.2999877929688,494.7999877929688,494.7565002441406,33975600,459.2757110595703,467.6678408506058,14.726234661577678,67.9187197035441
2023-11-17,495.239990234375,497.1700134277344,490.0700073242188,492.9800109863281,492.9366760253906,32520500,465.08785574776783,471.04279686870217,15.385336941004596,66.80183251508183
2023-11-20,493.1199951171875,505.4800109863281,491.80999755859375,504.0899963378906,504.0456848144531,41412000,471.96571350097656,475.4490901312606,16.61266277838962,70.0406368514962
2023-11-21,501.260009765625,505.1700134277344,492.2200012207031,499.4400024414063,499.3960876464844,56574700,477.4078565325056,478.64787843928,17.013985072024298,67.0904151090067
2023-11-22,498.5199890136719,503.3500061035156,476.8999938964844,487.1600036621094,487.1171875,89942000,481.1292855398996,479.7828284689906,16.154918760460532,59.913174163661004
2023-11-24,484.7000122070313,489.2099914550781,477.4500122070313,477.760009765625,477.718017578125,29464500,483.1085728236607,479.5131193085419,14.547902407687218,55.05772675438579
2023-11-27,478.0,485.2999877929688,476.5199890136719,482.4200134277344,482.3775939941406,39566200,484.8878587995257,479.9007051911009,13.494794133885648,56.92157320130103
2023-11-28,482.3599853515625,483.2300109863281,474.7300109863281,478.2099914550781,478.1679382324219,40149100,486.22071620396207,479.6752766929645,12.180080267602648,54.71389624439992
2023-11-29,483.7900085449219,487.6199951171875,478.6000061035156,481.3999938964844,481.357666015625,38200500,487.3392878941127,479.9052389867672,11.265702586865077,56.1031554064346
2023-11-30,480.239990234375,481.1000061035156,464.2200012207031,467.7000122070313,467.6589050292969,52624700,487.2107173374721,478.2778754161357,9.328049709785375,49.13211743692663
2023-12-01,465.25,472.0,461.8699951171875,467.6499938964844,467.60888671875,36880900,486.0892878941127,476.8608245468489,7.699652978356937,49.10812594605674
2023-12-04,460.7699890136719,460.7699890136719,450.1000061035156,455.1000061035156,455.05999755859375,43754300,483.8678588867188,473.9593820877378,5.3349596129456245,43.3838703539068
2023-12-05,454.6600036621094,466.0,452.7099914550781,465.6600036621094,465.6600036621094,37171800,481.66071646554127,472.852798297654,4.263875332890734,48.79269355661816
2023-12-06,472.1499938964844,473.8699951171875,454.1199951171875,455.0299987792969,455.0299987792969,38059000,479.2428588867188,470.4764250285398,2.528137968032013,44.21366401752838
2023-12-07,457.0,466.2900085449219,456.0400085449219,465.9599914550781,465.9599914550781,35082300,477.182859148298,469.8742338854116,2.011327334737473,49.46513370297527
2023-12-08,465.9500122070313,477.4100036621094,465.5,475.05999755859375,475.05999755859375,35880300,475.9028581891741,470.565669041836,2.309424022496671,53.39845844455924
2023-12-11,474.9100036621094,475.30999755859375,458.2999877929688,466.2699890136719,466.2699890136719,50972800,473.2014290945871,469.9929117047474,1.8154600731689925,49.398847086157886
2023-12-12,460.4599914550781,476.6600036621094,460.4599914550781,476.5700073242188,476.5700073242188,37238700,471.56785801478793,470.8698577873436,2.229416159600646,53.76862409288181
2023-12-13,476.2900085449219,485.9400024414063,476.0799865722656,480.8800048828125,480.8800048828125,44779200,471.1192866734096,472.20454406673946,2.8721517458425865,55.50035005694167
2023-12-14,483.8999938964844,486.7000122070313,474.2200012207031,483.5,483.5,39123200,471.529285975865,473.7106048578409,3.5519908983053483,56.56543912204884
2023-12-15,481.9400024414063,494.0400085449219,481.2000122070313,488.8999938964844,488.8999938964844,47947800,471.9921417236328,475.73585672966,4.47491862604204,58.75653770462597
2023-12-18,494.0,504.3299865722656,491.5,500.7699890136719,500.7699890136719,41258700,473.6035701206752,479.0737410341949,6.093908124346001,63.15632227457572
2023-12-19,494.239990234375,497.0,488.9500122070313,496.0400085449219,496.0400085449219,46444400,474.64928545270647,481.3359100356252,6.915580564263962,60.39163158726792
2023-12-20,496.5499877929688,499.989990234375,480.9800109863281,481.1099853515625,481.1099853515625,39789400,475.60714067731584,481.3057867444168,6.289531986789086,52.56911956584074
2023-12-21,488.1099853515625,490.9500122070313,484.1900024414063,489.8999938964844,489.8999938964844,30042500,477.1964263916016,482.4516810313592,6.428559771703817,56.168818289578056
2023-12-22,491.9500122070313,493.8299865722656,484.6700134277344,488.2999877929688,488.2999877929688,25213900,479.56785365513394,483.23145526624046,6.336588919471012,55.34543173144132
2023-12-26,489.6799926757813,496.0,489.6000061035156,492.7900085449219,492.7900085449219,24420000,481.5057111467634,484.50592903673135,6.550498438025954,57.23977993164366
2023-12-27,495.1099853515625,496.7999877929688,490.8500061035156,494.1700134277344,494.1700134277344,23364800,484.30142647879467,485.7944736221984,6.753527670417043,57.83188000121973
2023-12-28,496.4299926757813,498.8399963378906,494.1199951171875,495.2200012207031,495.2200012207031,24658700,486.3914271763393,487.0512106353324,6.919392589018173,58.30495278207484
2023-12-29,498.1300048828125,499.9700012207031,487.510009765625,495.2200012207031,495.2200012207031,38869000,487.8314274379185,488.1403827133819,6.970490259272367,58.30495278207484
